month_date_yyyymm,county_fips,county_name,median_listing_price,median_listing_price_mm,median_listing_price_yy,active_listing_count,active_listing_count_mm,active_listing_count_yy,median_days_on_market,median_days_on_market_mm,median_days_on_market_yy,new_listing_count,new_listing_count_mm,new_listing_count_yy,price_increased_count,price_increased_count_mm,price_increased_count_yy,price_reduced_count,price_reduced_count_mm,price_reduced_count_yy,pending_listing_count,pending_listing_count_mm,pending_listing_count_yy,median_listing_price_per_square_foot,median_listing_price_per_square_foot_mm,median_listing_price_per_square_foot_yy,median_square_feet,median_square_feet_mm,median_square_feet_yy,average_listing_price,average_listing_price_mm,average_listing_price_yy,total_listing_count,total_listing_count_mm,total_listing_count_yy,pending_ratio,pending_ratio_mm,pending_ratio_yy,quality_flag
202302,44001,bristol, ri,749450,-0.0085,0.3939,47,-0.0412,0.24,58,-0.0213,0.8852,40,1,-0.1667,0,,,4,-0.5,-0.3333,50,0.4085,-0.2701,391,0.1187,0.2111,2044,-0.1446,0.1496,1301734,0.0892,0.4162,96,0.1506,-0.0948,1.0753,0.3433,-0.7514,0
202302,44003,kent, ri,419900,0.0187,0.0606,174,-0.1237,0.4163,38,-0.2844,0.0786,150,0.2097,-0.1573,6,,-0.25,26,-0.4583,0.0833,256,0.2167,-0.2496,279,0.0272,0.0309,1584,-0.0198,0.0236,539341,0.0056,-0.0264,427,0.0441,-0.0768,1.4726,0.412,-1.307,1
202302,44005,newport, ri,905750,0.0508,0.135,146,-0.0762,0.2331,79,0.0903,-0.0188,56,-0.1515,-0.125,0,,-1,28,-0.0667,1.8,126,0.162,-0.1605,514,0.0768,0.0794,1959,0.0338,0.0923,1759390,0.0806,0.209,269,0.0113,0.0019,0.8625,0.1768,-0.4044,0
202302,44007,providence, ri,381175,0.0099,0.1382,383,-0.1584,0.2666,41,-0.1,0.08,324,0.0658,-0.1735,4,-0.3333,-0.6667,84,-0.2222,0.75,585,0.1101,-0.3356,279,0.0088,0.0864,1452,0.0089,0.0537,461178,0.0025,0.0413,959,-0.0154,-0.1863,1.5294,0.3699,-1.3862,1
202302,44009,washington, ri,659500,0.0529,-0.2158,170,-0.0478,0.2283,71,0.0923,0.0758,116,0.45,-0.1212,0,-1,-1,22,0,2.6667,210,0.1448,-0.1958,403,0.0158,-0.0013,1711,0.0026,-0.0923,1387640,0.0885,-0.0126,374,0.0432,-0.0603,1.236,0.2079,-0.6517,1
202301,44007,providence, ri,377450,-0.0064,0.1134,455,-0.1392,0.2088,45,0.0714,0.2162,304,0.1014,-0.2549,6,0.5,0.5,108,-0.129,0.6875,527,-0.1403,-0.4018,277,0.0319,0.0909,1439,-0.0363,0.0118,460050,-0.0408,0.0143,974,-0.1434,-0.2214,1.1595,-0.0015,-1.1836,1
202301,44001,bristol, ri,755895,0.0513,0.5121,49,-0.1182,0.5645,59,-0.1607,0.8651,20,-0.1667,-0.375,0,,,8,0,1,36,-0.3173,-0.4621,349,-0.0032,0.0539,2389,0.1844,0.4053,1195078,0.125,0.1716,83,-0.2019,-0.1354,0.732,-0.2135,-1.3971,1
202301,44003,kent, ri,412175,0.0319,0.0307,198,-0.1239,0.4453,53,0.2267,0.2267,124,0.1923,0,0,-1,,48,-0.0769,1,210,-0.1797,-0.3878,271,-0.0013,-0.0537,1616,-0.0062,0.0189,536311,0.0059,-0.0655,409,-0.156,-0.1177,1.0606,-0.0721,-1.443,1
202301,44009,washington, ri,626345,-0.0362,-0.2623,178,-0.1524,0.2535,65,0.2745,-0.1875,80,0.25,-0.2593,4,,,22,-0.2143,0.8333,183,-0.1029,-0.2962,397,-0.0033,-0.0194,1707,-0.0296,-0.0942,1274852,0.0172,-0.0839,359,-0.1403,-0.1082,1.0281,0.0567,-0.8029,1
202301,44005,newport, ri,862000,0.0141,0.1509,158,-0.0278,0.2209,72,0.1077,0.0141,66,0.65,-0.175,0,,-1,30,0.875,2.75,108,-0.2059,-0.2703,478,0.016,0.0621,1895,0.0447,0.159,1628227,0.0656,0.1349,266,-0.115,-0.0345,0.6857,-0.1538,-0.4616,0
202212,44003,kent, ri,399450,-0.0011,0.0595,226,-0.163,0.2118,43,0.4333,-0.0444,104,-0.35,-0.2676,8,1,,52,-0.4583,0.625,256,-0.1172,-0.4149,272,-0.0036,0.0471,1626,0.0243,0.1057,533175,0.0166,0.0168,484,-0.1271,-0.2231,1.1327,0.0587,-1.2131,1
202212,44005,newport, ri,850000,-0.0327,0.1939,162,-0.154,0.0351,65,0.215,0.0156,40,-0.4444,-0.4286,0,,,16,-0.5789,-0.1111,136,-0.0286,-0.2766,470,-0.0333,0.0497,1814,-0.0259,0.0292,1528034,0.009,0.1013,300,-0.0812,-0.1254,0.8395,0.1084,-0.3618,0
202212,44001,bristol, ri,719000,0.1369,0.3085,55,-0.0833,0.5278,70,0.3084,0.4141,24,0.2,0,0,,,8,0.3333,1,52,-0.0796,-0.3418,350,0,0.0729,2017,0.0362,0.0627,1062293,-0.0857,-0.0277,104,-0.1186,-0.0796,0.9455,0.0038,-1.249,1
202212,44009,washington, ri,649900,-0.0085,-0.1036,210,-0.1498,0.0319,51,0.1724,-0.1905,64,-0.5362,-0.1351,0,,,28,-0.4615,0.2727,204,-0.1707,-0.3409,398,-0.0067,0.0626,1759,-0.0042,-0.0282,1253302,-0.0253,0.0446,417,-0.1593,-0.1863,0.9714,-0.0245,-0.5495,1
202212,44007,providence, ri,379900,-0.0195,0.135,528,-0.1401,0.0954,42,0.2353,-0.0667,276,-0.3894,-0.3202,4,1,-0.3333,124,-0.4833,0.2917,613,-0.1603,-0.4306,268,0.0001,0.0604,1493,-0.0203,0.0649,479607,-0.0274,0.0877,1137,-0.1505,-0.2679,1.161,-0.0279,-1.0724,1
202211,44007,providence, ri,387450,-0.004,0.1414,614,-0.0016,0.0734,34,0.0794,0.3077,452,-0.0504,-0.1871,2,-0.5,-0.6667,240,-0.0909,0.4118,730,-0.0771,-0.4186,268,0.0057,0.0772,1524,0.0208,0.0507,493106,0.0119,0.0952,1339,-0.0446,-0.2658,1.1889,-0.0973,-1.006,1
202211,44005,newport, ri,878700,-0.0182,0.2091,192,-0.0704,0.0268,54,-0.0855,0.0594,72,-0.1,-0.25,0,,-1,38,-0.4063,-0.1364,140,-0.0604,-0.4004,486,0.0124,0.1165,1862,-0.1034,0.0238,1514409,-0.0511,0.1173,327,-0.088,-0.2254,0.7311,0.0078,-0.5209,0
202211,44001,bristol, ri,632400,0.025,0.2046,60,-0.1549,0.2245,54,0.2442,0.6336,20,-0.2857,-0.5455,0,,,6,-0.75,-0.4,57,-0.2042,-0.4793,350,-0.0329,0.1082,1947,0.0101,0.0221,1161885,0.0674,0.0863,118,-0.1631,-0.2508,0.9417,-0.0583,-1.2726,1
202211,44003,kent, ri,399900,0.0023,0.0885,270,0.1739,0.0588,30,0.0345,0.0714,160,-0.3103,-0.36,4,,0,96,-0.04,0.2632,290,-0.1022,-0.4385,273,-0.024,0.0701,1588,0.0552,0.0726,524477,0.0142,0.0239,555,-0.0009,-0.2675,1.0741,-0.3303,-0.9514,0
202211,44009,washington, ri,655500,-0.0209,-0.0585,247,-0.0314,-0.0573,44,-0.044,0.0675,138,-0.0417,0.0299,0,,-1,52,-0.0714,0,246,-0.1277,-0.3333,401,0.0326,0.0542,1766,-0.0202,-0.0407,1285802,-0.0392,0.0989,496,-0.0746,-0.2114,0.996,-0.1099,-0.4124,0
202210,44001,bristol, ri,616950,-0.028,0.2341,71,-0.0779,0.1094,43,-0.0227,0.7917,28,-0.5172,-0.5625,0,,,24,0.0909,1,71,-0.0533,-0.297,362,0.034,0.131,1927,0,0.0394,1088515,0.068,0.2395,141,-0.0693,-0.1557,1,0.026,-0.5781,0
202210,44007,providence, ri,389000,-0.0087,0.1146,615,0.0631,-0.0553,32,-0.1127,0.575,476,-0.125,-0.2699,4,,-0.5,264,0.2816,0.2,791,-0.1067,-0.3882,267,-0.0023,0.0946,1493,-0.0063,0.0034,487300,-0.0058,0.0793,1401,-0.0394,-0.2778,1.2862,-0.2445,-0.7,0
202210,44003,kent, ri,399000,-0.0017,0.0813,230,-0.0043,-0.1575,29,-0.2162,0.2609,232,0.3488,-0.0492,0,-1,-1,100,0.3514,0.1364,323,-0.0837,-0.374,280,0.0103,0.1211,1505,-0.003,0.003,517126,0.0225,0.0728,555,-0.0529,-0.301,1.4043,-0.1216,-0.4858,0
202210,44005,newport, ri,895000,-0.0412,0.227,206,0,-0.0844,59,0.1038,0.17,80,-0.2593,-0.3548,0,,,64,0.6842,0.2308,149,-0.0887,-0.366,480,-0.0578,0.1358,2077,0.011,0.0592,1596031,-0.0383,0.1651,358,-0.0259,-0.22,0.7233,-0.0704,-0.3211,0
202210,44009,washington, ri,669500,0.0194,0.0316,255,-0.0173,-0.15,46,0.0225,0.1667,144,-0.0649,-0.234,0,-1,-1,56,-0.1765,-0.1765,282,-0.1897,-0.2399,388,0.0098,0.0637,1803,0.0237,-0.0036,1338273,0.0638,0.2836,536,-0.1184,-0.2012,1.1059,-0.2352,-0.1308,0
202209,44005,newport, ri,933475,0.012,0.2037,206,-0.019,-0.1452,53,0.06,0.2771,108,0.0588,-0.069,0,-1,,38,0.1875,-0.24,164,-0.0439,-0.1825,510,-0.0174,0.2031,2055,-0.0176,0.0689,1659638,-0.0101,0.0532,368,-0.0291,-0.1629,0.7937,-0.0206,-0.0362,0
202209,44007,providence, ri,392400,0,0.1552,579,-0.0897,-0.1202,36,0.1833,0.5435,544,0.0303,-0.2688,0,-1,,206,-0.055,-0.019,886,-0.0494,-0.3199,267,0.003,0.0934,1503,0.0173,0.0298,490150,0.0162,0.1125,1459,-0.0642,-0.2564,1.5307,0.0649,-0.4495,0
202209,44003,kent, ri,399675,0.012,0.0877,231,-0.0474,-0.1615,37,0.1563,0.5745,172,-0.2182,-0.4028,4,1,-0.5,74,0.0278,0.0571,353,-0.135,-0.333,277,-0.0083,0.099,1509,-0.0105,-0.0098,505742,-0.0242,0.0751,586,-0.1019,-0.2693,1.526,-0.1544,-0.3924,0
202209,44009,washington, ri,656750,-0.0335,-0.0087,260,-0.1128,-0.1173,45,0.092,0.023,154,-0.061,-0.1348,2,,-0.5,68,-0.2093,0.5455,348,0.0161,-0.062,385,-0.0006,0.0225,1761,0.0192,-0.0419,1258011,0.0471,0.1842,608,-0.0425,-0.0823,1.341,0.1701,0.0791,0
202209,44001,bristol, ri,634750,0.0156,0.1557,77,-0.0435,0.1493,44,0.0414,0.1355,58,0.2083,0,0,,,22,0.375,0.5714,75,-0.0066,-0.3392,350,-0.0304,0.0253,1927,-0.0044,0.0453,1019255,0.0234,0.0886,152,-0.0226,-0.1583,0.974,0.0361,-0.72,0
202208,44003,kent, ri,394925,-0.0597,0.0764,243,-0.0601,-0.0814,32,0.0847,0.7067,220,-0.0351,-0.2903,2,-0.5,-0.8,72,-0.25,-0.1,408,0.0112,-0.2762,279,-0.0107,0.1239,1525,-0.0224,0.0018,518264,-0.0132,0.0937,653,-0.0232,-0.2115,1.6804,0.1184,-0.4522,0
202208,44001,bristol, ri,624986,-0.0384,0.1281,81,0.1181,0.1027,42,0.1736,1.2237,48,-0.0769,-0.2,0,,,16,0,-0.2,76,0.0067,-0.428,361,-0.0034,0.0572,1936,0.007,0.0624,995982,-0.0585,-0.0159,155,0.0473,-0.2308,0.9379,-0.1038,-0.8703,1
202208,44007,providence, ri,392400,0.0329,0.1545,636,-0.0039,-0.0117,30,0.1538,0.4815,528,-0.12,-0.2707,6,-0.25,-0.4,218,0.0093,0.1354,932,-0.0868,-0.297,266,-0.0118,0.0799,1477,0.0293,0.0257,482341,0.0395,0.0986,1559,-0.048,-0.2091,1.4658,-0.133,-0.5949,0
202208,44009,washington, ri,679500,0.0276,0.002,293,-0.0565,-0.0347,41,0.1643,0.1479,164,-0.1633,-0.1717,0,-1,-1,86,0.1944,0.3438,343,0.0637,-0.134,385,0.0485,0.0018,1728,-0.0403,-0.0384,1201434,0.0465,0.0623,635,0.0095,-0.0876,1.1709,0.1322,-0.1343,0
202208,44005,newport, ri,922450,0.0615,0.1895,210,0.0048,-0.1158,50,0.3158,0.3072,102,-0.1774,-0.32,4,,,32,0,-0.4483,171,0.1633,-0.1799,519,0.0072,0.202,2091,0.0869,0.0796,1676577,0.1402,0.0981,379,0.0814,-0.1494,0.8143,0.1109,-0.0636,0
202207,44009,washington, ri,661225,-0.0142,-0.088,310,0.1855,0.0727,35,0.3725,0,196,-0.1901,-0.1404,4,1,,72,0,0.6364,322,-0.0599,-0.1178,367,-0.0003,-0.0495,1800,0.033,-0.0063,1148057,-0.0056,-0.0422,629,0.0328,-0.0368,1.0387,-0.271,-0.2243,0
202207,44003,kent, ri,420000,0.0018,0.2,258,0.1492,0.0531,30,0.439,0.0351,228,-0.2297,-0.2297,4,,-0.75,96,0.5,0.8462,403,-0.0595,-0.2892,282,-0.0102,0.1372,1560,0.0021,0.0722,525181,-0.0469,0.1417,668,0.0238,-0.1712,1.562,-0.3467,-0.7523,0
202207,44005,newport, ri,869000,0.0321,0.1213,209,0.1611,-0.067,38,-0.0732,0,124,0.0508,-0.1143,0,,-1,32,0.1429,-0.3333,147,-0.1198,-0.3609,515,0.0318,0.2093,1924,-0.0423,0.0537,1470462,0.0461,-0.0924,350,0.0174,-0.2239,0.7033,-0.2244,-0.3234,0
202207,44007,providence, ri,379900,0.0024,0.1206,638,0.1948,0.1096,26,0.2381,0.0833,600,-0.2147,-0.1892,8,1,0,216,0.2273,0.5,1020,-0.052,-0.2255,270,0.0065,0.1132,1435,-0.0146,0.0063,464007,0.0013,0.0661,1637,0.0209,-0.1325,1.5987,-0.4162,-0.6917,0
202207,44001,bristol, ri,649945,-0.0648,0.1168,72,0.3333,0.2,36,0.1077,0.2414,52,-0.3333,-0.2778,0,,,16,0.1429,0,75,-0.2788,-0.4231,362,0.0042,0.056,1922,-0.0146,0.0423,1057827,0.0452,0.0203,148,-0.0721,-0.2211,1.0417,-0.8843,-1.125,1
202206,44009,washington, ri,670750,0.009,-0.0519,262,0.2787,0.1674,26,-0.0377,-0.2214,242,0.0708,-0.0833,2,,0,72,0.44,1.5714,343,0.1175,-0.1057,367,0.0096,-0.0113,1743,-0.0257,-0.0373,1154564,0.045,-0.0834,609,0.1906,0.0016,1.3098,-0.189,-0.4001,0
202206,44005,newport, ri,841982,-0.0036,0.0777,180,0.165,-0.1045,41,0.1156,0.1233,118,0.0536,-0.3059,0,-1,,28,-0.0667,-0.2222,167,-0.0089,-0.3253,499,0.0181,0.1721,2009,0.004,0.1054,1405712,0.0094,-0.1683,344,0.075,-0.233,0.9278,-0.1628,-0.3036,0
202206,44001,bristol, ri,695000,0.184,0.1408,54,0.1134,-0.122,33,0.3402,0.3978,78,0.1818,-0.1136,0,-1,,14,0.4,1.3333,104,0.0146,-0.1579,361,0.0547,0.1004,1951,0.1411,0.0518,1012042,0.0681,-0.0189,160,0.0598,-0.1236,1.9259,-0.1875,-0.0822,0
202206,44003,kent, ri,419225,0.0227,0.1851,225,0.2369,-0.0323,21,0.0513,-0.2679,296,0.035,-0.0573,0,-1,-1,64,0.6842,0.7778,429,0.0451,-0.3089,285,0.0115,0.1391,1557,0.0031,0.0503,550997,-0.0077,0.2229,653,0.0966,-0.2314,1.9087,-0.3503,-0.7637,0
202206,44007,providence, ri,379000,0.0458,0.1574,534,0.2448,0.0522,21,0.1351,-0.0233,764,0.0822,-0.0305,4,-0.3333,-0.6667,176,0.6923,0.4194,1076,0.0302,-0.222,268,0.0198,0.1437,1456,0.0173,0.0253,463415,0.0114,0.0818,1604,0.0886,-0.1502,2.015,-0.4198,-0.7101,0
202205,44003,kent, ri,409900,0.0122,0.1715,182,0.2872,-0.1189,20,-0.35,-0.3276,286,0.1721,-0.0467,4,0,0,38,0.9,0.1875,410,0.0327,-0.3098,282,-0.017,0.1618,1552,0.0292,0.0726,555254,0.0282,0.2983,595,0.1059,-0.2563,2.259,-0.5566,-0.6245,0
202205,44009,washington, ri,664750,-0.1195,-0.1532,205,0.3454,0.0763,27,-0.2535,-0.4421,226,0.2283,0.1531,0,-1,-1,50,1.5,3.1667,307,0.0149,-0.228,364,-0.0537,-0.0574,1789,-0.0253,0.0116,1104859,-0.1194,-0.1329,512,0.1217,-0.1226,1.4988,-0.4881,-0.5907,1
202205,44007,providence, ri,362400,0.0354,0.1329,429,0.2507,-0.0272,19,-0.2128,-0.26,706,0.1767,-0.0459,6,0.5,-0.25,104,0.5294,0.3,1045,0.0779,-0.1928,263,0.0077,0.1277,1432,0.0167,0.0343,458176,0.029,0.1537,1473,0.1663,-0.1495,2.4347,-0.3903,-0.4995,0
202205,44001,bristol, ri,587000,0.0253,0.0501,49,0.1829,0.1548,24,-0.1019,-0.3071,66,-0.0294,-0.0294,4,,,10,0.25,0.25,103,-0.0682,-0.0848,342,0.0247,0.0622,1709,-0.0205,-0.0652,947498,0.0062,-0.0898,151,0.0033,-0.029,2.1134,-0.5695,-0.5533,0
202205,44005,newport, ri,844982,0.0575,0.0737,155,0.2875,-0.0283,37,-0.2794,-0.1453,112,0,-0.3,2,,-0.5,30,1.5,-0.0625,169,-0.0639,-0.283,491,0.0251,0.0716,2001,0.0312,0.0449,1392589,0.0847,-0.2195,320,0.0811,-0.198,1.0906,-0.4094,-0.3874,0
202204,44003,kent, ri,404950,0.0221,0.18,141,0.0406,-0.2034,30,0.1881,0.0169,244,0.0517,-0.2229,4,-0.6,-0.8667,20,-0.0909,-0.0909,397,0.0773,-0.3243,287,0.0301,0.1728,1508,0.0007,0.0379,540051,-0.0276,0.2362,538,0.0601,-0.2972,2.8156,0.096,-0.5036,0
202204,44007,providence, ri,350000,0.0222,0.1112,343,0.1414,-0.1562,24,-0.2101,-0.2167,600,0.1364,0.0204,4,-0.5,-0.75,68,0.0625,-0.0286,969,0.1144,-0.1463,261,0.002,0.1588,1408,0.0357,0.0004,445248,0.0221,0.1603,1263,0.0818,-0.1919,2.8251,-0.0684,0.0329,0
202204,44001,bristol, ri,572500,0.0135,-0.1509,41,0.1233,0.1884,27,0.1613,-0.1756,68,-0.0286,0.2593,0,,,8,0.3333,3,110,0.2088,-0.0135,334,0.0417,0.0177,1745,-0.0391,-0.2198,941700,0.0864,-0.1616,150,0.1952,0.0381,2.6829,0.1898,-0.549,1
202204,44005,newport, ri,799000,0.0025,0.0022,120,0.03,-0.2233,51,-0.2766,-0.0332,112,0.2174,-0.1385,0,-1,-1,12,1,-0.25,180,0.1285,-0.1946,479,0.0356,0.0963,1941,0.0711,-0.0729,1283793,-0.1274,-0.2717,296,0.0686,-0.2138,1.5,0.1309,0.0534,0
202204,44009,washington, ri,755000,0.007,-0.028,152,0.1648,-0.1806,36,-0.0779,-0.3107,184,0.0952,-0.0612,4,,1,20,1,-0.0909,302,0.0883,-0.2186,384,-0.0304,-0.004,1835,0.0025,0.0323,1254647,-0.0393,-0.0518,456,0.1176,-0.1958,1.9868,-0.1396,-0.0967,0
202203,44003,kent, ri,396175,0.0007,0.1487,136,0.1061,-0.3139,25,-0.2786,-0.0982,232,0.3034,-0.275,10,0.25,-0.1667,22,-0.0833,-0.2143,369,0.0822,-0.263,278,0.0281,0.1469,1507,-0.0262,0.0248,555403,0.0026,0.2776,508,0.0985,-0.2781,2.7196,-0.06,0.1879,0
202203,44001,bristol, ri,564900,0.0506,-0.2655,37,-0.0267,-0.0759,23,-0.2377,-0.3882,70,0.4583,0.2069,0,,,6,0,0,91,0.3285,-0.0215,321,-0.0058,0.0161,1816,0.0217,-0.2704,866803,-0.057,-0.2084,126,0.1896,-0.0564,2.4932,0.6665,0.1387,1
202203,44005,newport, ri,797000,-0.0013,0.0391,117,-0.0127,-0.246,71,-0.1188,-0.0724,92,0.4375,-0.2698,8,3,3,6,-0.4,-0.7692,160,0.0669,-0.2616,462,-0.0304,0.0907,1812,0.0102,-0.0422,1471228,0.011,-0.1923,277,0.0336,-0.2524,1.3691,0.1021,-0.029,0
202203,44007,providence, ri,342400,0.0224,0.0803,301,-0.005,-0.2794,30,-0.2067,-0.1959,528,0.3469,-0.0571,8,-0.3333,0,64,0.3333,-0.0857,870,-0.0125,-0.1222,260,0.0123,0.1515,1360,-0.0131,-0.0289,435631,-0.0163,0.122,1168,-0.0093,-0.1673,2.8935,-0.0221,0.5182,0
202203,44009,washington, ri,749750,-0.1085,-0.0193,131,-0.0543,-0.3203,39,-0.4167,-0.4934,168,0.2727,-0.0667,0,-1,-1,10,0.6667,-0.4444,278,0.0653,-0.1616,396,-0.0186,0.0345,1831,-0.0289,0.0018,1305939,-0.0707,0.003,408,0.0251,-0.2176,2.1264,0.2388,0.4025,0
202202,44009,washington, ri,841000,-0.0094,0.1217,138,-0.0282,-0.3013,66,-0.175,-0.1538,132,0.2222,0.1,6,,,6,-0.5,-0.6667,261,0.0019,-0.1782,404,-0.0025,0.0697,1885,0.0005,-0.0441,1405312,0.0099,0.065,398,-0.01,-0.2279,1.8877,0.0567,0.2826,0
202202,44007,providence, ri,334900,-0.0121,0.1167,302,-0.1968,-0.2412,38,0.0135,-0.0566,392,-0.0392,-0.1009,12,2,0.2,48,-0.25,-0.2258,881,-0.0006,-0.1329,257,0.013,0.1648,1378,-0.0313,-0.0286,442868,-0.0235,0.1561,1179,-0.058,-0.168,2.9156,0.5725,0.3641,0
202202,44005,newport, ri,798000,0.0654,0.0205,118,-0.0853,-0.2976,80,0.1268,-0.0909,64,-0.2,-0.3191,2,-0.5,0,10,0.25,-0.5,150,0.0101,-0.2234,477,0.0595,0.1414,1794,0.0969,-0.0747,1455224,0.0143,-0.2107,268,-0.0255,-0.2524,1.2669,0.1197,0.1211,0
202202,44003,kent, ri,395900,-0.01,0.2182,123,-0.1058,-0.3414,35,-0.186,-0.1566,178,0.4355,-0.0532,8,,-0.6,24,0,-0.0769,341,-0.0073,-0.2654,271,-0.0571,0.1365,1548,-0.0243,0.0702,553960,-0.0348,0.3324,462,-0.0022,-0.2903,2.7796,0.2759,0.2877,0
202202,44001,bristol, ri,537675,0.0756,-0.2895,38,0.2097,-0.1176,31,-0.0317,-0.4741,48,0.5,0.2632,0,,,6,0.5,0,69,0.0379,-0.1697,322,-0.0265,0.0365,1778,0.0456,-0.2859,919198,-0.0988,-0.1535,106,0.099,-0.156,1.8267,-0.3024,-0.1145,1
202201,44009,washington, ri,849000,0.171,0.1335,142,-0.3022,-0.3906,80,0.2698,0.1268,108,0.4595,0,0,,,12,-0.4545,-0.4,260,-0.1599,-0.1667,405,0.0801,0.0839,1884,0.0412,0.0102,1391558,0.1598,0.148,402,-0.2156,-0.2691,1.831,0.3101,0.4919,0
202201,44007,providence, ri,339000,0.0128,0.1024,376,-0.2199,-0.1897,37,-0.1778,-0.1395,408,0.0049,-0.0893,4,-0.3333,-0.5,64,-0.3333,-0.1111,881,-0.1816,-0.1346,254,0.0031,0.1442,1422,0.0143,-0.0444,453544,0.0286,0.1432,1251,-0.1945,-0.1484,2.3431,0.1097,0.1491,0
202201,44003,kent, ri,399900,0.0607,0.1765,137,-0.2654,-0.3598,43,-0.0444,-0.0115,124,-0.1268,-0.4038,0,,-1,24,-0.25,-0.3333,343,-0.216,-0.1755,287,0.1051,0.2421,1586,0.0785,0.0852,573911,0.0945,0.3554,463,-0.2568,-0.2697,2.5036,0.1578,0.5597,0
202201,44001,bristol, ri,499900,-0.0903,-0.31,31,-0.1389,-0.4364,32,-0.3636,-0.475,32,0.3333,-0.2,0,,,4,0,0,66,-0.1646,-0.1316,331,0.0148,0.1055,1700,-0.1043,-0.294,1020016,-0.0664,0.0251,96,-0.1504,-0.2558,2.129,-0.0654,0.7472,1
202201,44005,newport, ri,749000,0.052,-0.097,129,-0.1757,-0.3645,71,0.1094,-0.2406,80,0.1429,-0.2,4,,0,8,-0.5556,-0.6,148,-0.2128,-0.0976,450,0.0042,0.0653,1635,-0.0723,-0.2431,1434746,0.034,-0.2078,275,-0.1983,-0.2445,1.1473,-0.054,0.3394,0
202112,44007,providence, ri,334725,-0.0139,0.1158,482,-0.1573,-0.1796,45,0.7308,0.0843,406,-0.2698,-0.0938,6,0,-0.4,96,-0.4353,-0.2131,1077,-0.1426,-0.1007,253,0.0159,0.1832,1402,-0.0334,-0.0476,440944,-0.0206,0.1619,1553,-0.1481,-0.1268,2.2334,0.0385,0.196,0
202112,44001,bristol, ri,549500,0.0467,-0.2071,36,-0.2653,-0.4286,50,0.5115,-0.2667,24,-0.4545,0,0,,,4,-0.6,-0.7143,79,-0.2719,-0.1551,326,0.0329,0.0926,1898,-0.0034,-0.1805,1092529,0.0215,0.1605,113,-0.2825,-0.278,2.1944,-0.0198,0.7103,1
202112,44003,kent, ri,377000,0.0261,0.1315,187,-0.2686,-0.2147,45,0.6071,-0.0217,142,-0.432,-0.1744,0,-1,-1,32,-0.5789,0.0667,438,-0.153,-0.1206,260,0.0184,0.1715,1471,-0.0064,-0.0213,524357,0.0237,0.2294,623,-0.177,-0.1495,2.3458,0.3204,0.2511,0
202112,44005,newport, ri,711944,-0.0204,-0.1098,157,-0.1609,-0.3225,64,0.2673,-0.1795,70,-0.2708,0.0294,0,-1,,18,-0.5909,-0.1818,188,-0.1949,-0.0457,448,0.0282,0.0901,1763,-0.0311,-0.1893,1387541,0.0237,-0.1745,343,-0.1862,-0.1958,1.2013,-0.0507,0.3485,1
202112,44009,washington, ri,725000,0.0413,0.0379,204,-0.2233,-0.2934,63,0.546,-0.0079,74,-0.4478,-0.3509,0,-1,-1,22,-0.5769,-0.0833,310,-0.1612,-0.0802,375,-0.0146,0.1077,1810,-0.0171,-0.0261,1199801,0.0254,0.0338,513,-0.1852,-0.1727,1.5209,0.1125,0.3525,0
202111,44005,newport, ri,726750,-0.0037,-0.0904,187,-0.1711,-0.2757,51,0.01,-0.2463,96,-0.2258,0,2,,,44,-0.1538,0.2222,234,-0.0064,0.0542,436,0.0299,0.079,1819,-0.0724,-0.1628,1355396,-0.0105,-0.1682,422,-0.0817,-0.1079,1.252,0.2076,0.3918,0
202111,44007,providence, ri,339450,-0.0274,0.1057,572,-0.1214,-0.1692,26,0.3,-0.1186,556,-0.1472,-0.1032,6,-0.25,0,170,-0.2273,-0.1146,1256,-0.029,-0.1174,249,0.022,0.1511,1451,-0.0252,-0.0106,450238,-0.0028,0.1637,1823,-0.0603,-0.1325,2.1949,0.2088,0.1288,0
202111,44003,kent, ri,367400,-0.0043,0.1053,255,-0.0659,-0.0811,28,0.2174,-0.0345,250,0.0246,-0.0234,4,0,0,76,-0.1364,0.1176,517,0.001,-0.1669,255,0.0225,0.1401,1480,-0.0133,-0.0044,512217,0.0626,0.1922,757,-0.0466,-0.1556,2.0255,0.1354,-0.2087,0
202111,44009,washington, ri,696225,0.0728,-0.0032,262,-0.1267,-0.1735,41,0.0449,-0.2347,134,-0.2872,-0.2118,2,-0.75,,52,-0.2353,0.1304,369,-0.0054,-0.0225,381,0.0419,0.1548,1841,0.0177,0.014,1170103,0.1223,0.0401,629,-0.0626,-0.0943,1.4084,0.1717,0.2175,0
202111,44001,bristol, ri,525000,0.0502,-0.2394,49,-0.2344,-0.4368,33,0.3646,-0.4496,44,-0.3125,-0.12,0,,,10,-0.1667,-0.2857,109,0.0743,-0.0136,316,-0.013,0.0566,1905,0.0272,-0.1891,1069554,0.2179,0.1116,158,-0.0569,-0.2045,2.2143,0.6362,0.9499,1
202110,44009,washington, ri,649000,-0.0204,-0.0719,300,0.0204,-0.1202,39,-0.1034,-0.1613,188,0.0562,-0.1607,8,1,-0.3333,68,0.5455,0.3077,371,0,-0.1587,365,-0.0293,0.0826,1809,-0.0156,-0.0489,1042611,-0.0185,-0.1276,671,0.0128,-0.1375,1.2367,-0.0252,-0.0566,0
202110,44005,newport, ri,729450,-0.0594,-0.0881,225,-0.0664,-0.1935,50,0.2048,-0.1525,124,0.069,0.1071,0,,-1,52,0.04,0.0833,235,0.175,-0.0962,423,-0.0019,0.0835,1961,0.0203,-0.1214,1369831,-0.1307,-0.0983,459,0.0456,-0.1484,1.0444,0.2146,0.1125,0
202110,44007,providence, ri,349000,0.0275,0.0925,651,-0.0099,-0.0779,20,-0.1304,-0.2857,652,-0.1237,-0.0791,8,,-0.3333,220,0.0476,0.2791,1293,-0.0069,-0.1234,244,-0.0034,0.1383,1488,0.0199,-0.0043,451494,0.0248,0.1217,1940,-0.011,-0.1166,1.9862,0.0059,-0.1031,0
202110,44003,kent, ri,369000,0.0042,0.1185,273,-0.0091,-0.0808,23,-0.0213,-0.0417,244,-0.1528,-0.2375,4,-0.5,0,88,0.2571,0.1,516,-0.0237,-0.1757,249,-0.0096,0.1002,1500,-0.0157,0.0142,482031,0.0247,0.13,794,-0.01,-0.1322,1.8901,-0.0282,-0.2176,0
202110,44001,bristol, ri,499900,-0.0898,-0.2477,64,-0.0448,-0.3402,24,-0.3806,-0.5472,64,0.1034,0.1429,0,,,12,-0.1429,-0.4,101,-0.1101,-0.2463,320,-0.0626,0.0393,1854,0.0057,-0.1851,878213,-0.062,-0.0962,167,-0.0722,-0.2707,1.5781,-0.1159,0.1967,1
202109,44007,providence, ri,339675,-0.0007,0.0626,658,0.0226,-0.072,23,0.1358,-0.0612,744,0.0276,-0.0723,0,-1,-1,210,0.0938,0.0294,1302,-0.0174,-0.1128,244,-0.0094,0.1426,1459,0.0132,-0.0288,440584,0.0035,0.088,1962,-0.0046,-0.0952,1.9802,-0.0804,-0.091,0
202109,44005,newport, ri,775500,0,-0.0871,241,0.0147,-0.1393,42,0.085,-0.3025,116,-0.2267,-0.284,0,,,50,-0.1379,0.0417,200,-0.0408,-0.2908,424,-0.0184,0.0998,1922,-0.0077,-0.158,1575766,0.0321,-0.0147,439,-0.0135,-0.2154,0.8299,-0.048,-0.1773,0
202109,44009,washington, ri,662500,-0.0231,-0.0522,294,-0.0297,-0.1742,44,0.2254,-0.0225,178,-0.101,-0.2393,4,0,0,44,-0.3125,-0.4359,371,-0.0619,-0.1709,376,-0.0209,0.1311,1838,0.023,-0.0847,1062299,-0.0607,-0.0741,663,-0.0481,-0.1745,1.2619,-0.0434,0.0049,0
202109,44003,kent, ri,367450,0.0015,0.1397,276,0.0436,-0.0299,24,0.2533,-0.2295,288,-0.071,-0.071,8,-0.2,0,70,-0.125,0.2963,529,-0.0613,-0.105,252,0.0141,0.1681,1524,0.0011,0.0118,470434,-0.0072,0.0831,802,-0.0308,-0.086,1.9183,-0.2142,-0.1609,0
202109,44001,bristol, ri,549250,-0.0086,-0.1558,67,-0.0822,-0.2947,39,1.0395,-0.2791,58,-0.0333,0.0357,0,,,14,-0.3,-0.4615,114,-0.1402,-0.2226,342,-0.0003,0.1245,1844,0.0119,-0.1895,936265,-0.0749,-0.0728,180,-0.1067,-0.2531,1.694,-0.1142,0.1572,1
202108,44001,bristol, ri,554000,-0.0481,-0.1129,73,0.2167,-0.3917,19,-0.3448,-0.6833,60,-0.1667,-0.25,0,,,20,0.25,0,132,0.0154,0.0076,342,-0.0045,0.1361,1822,-0.0121,-0.1719,1012033,-0.0239,0.1115,202,0.0605,-0.1742,1.8082,-0.3584,0.7166,1
202108,44007,providence, ri,339900,0.0027,0.0794,643,0.1183,-0.0586,20,-0.1563,-0.3468,724,-0.0216,0.0523,10,0.25,-0.1667,192,0.3333,0.2,1325,0.0061,-0.0843,247,0.0187,0.1704,1440,0.0098,-0.0464,439031,0.0087,0.0947,1971,0.0443,-0.071,2.0607,-0.2298,-0.0579,0
202108,44005,newport, ri,775500,0.0006,-0.0757,238,0.0603,-0.2083,38,0.0066,-0.4613,150,0.0714,0.2097,0,-1,,58,0.2083,0.1154,209,-0.0935,-0.2278,432,0.0133,0.1511,1937,0.0608,-0.1556,1526770,-0.0576,0.0026,445,-0.0133,-0.222,0.8779,-0.1489,-0.0221,0
202108,44003,kent, ri,366900,0.0483,0.1122,264,0.0776,-0.0469,19,-0.3421,-0.4792,310,0.0473,0.0197,10,-0.375,0.25,80,0.5385,0.25,563,-0.0071,-0.0392,248,0.0011,0.1648,1522,0.0462,-0.0304,473842,0.0301,0.0923,828,0.0267,-0.0389,2.1326,-0.1817,0.0171,0
202108,44009,washington, ri,678175,-0.0646,0.0362,303,0.0484,-0.1855,36,0.0143,-0.3983,198,-0.1316,-0.161,4,,0,64,0.4545,-0.2,396,0.0836,-0.125,384,-0.0052,0.1905,1797,-0.0083,-0.0851,1130942,-0.0564,0.0643,696,0.0658,-0.1564,1.3053,0.0423,0.0902,0
202107,44003,kent, ri,350000,-0.0106,0.069,245,0.056,-0.1281,29,0.0179,-0.4063,296,-0.0573,0.0278,16,3,7,52,0.4444,-0.0714,567,-0.0855,-0.0216,248,-0.0085,0.1826,1455,-0.0184,-0.0735,460001,0.021,0.0799,806,-0.0506,-0.0693,2.3143,-0.3581,0.252,0
202107,44007,providence, ri,339000,0.0353,0.0903,575,0.133,-0.1901,24,0.1163,-0.3684,740,-0.0609,-0.0054,8,-0.3333,-0.4286,144,0.1613,0.0141,1317,-0.0477,-0.0397,242,0.0341,0.165,1426,0.004,-0.0615,435242,0.016,0.1144,1887,0,-0.0886,2.2904,-0.4347,0.3587,0
202107,44001,bristol, ri,581975,-0.0447,-0.0148,60,-0.0244,-0.5331,29,0.2473,-0.4369,72,-0.1818,0.2,0,,,16,1.6667,-0.3846,130,0.0526,-0.0406,343,0.0464,0.1864,1844,-0.0057,-0.1137,1036826,0.0051,0.1784,190,0.044,-0.2762,2.1667,0.1585,1.1122,0
202107,44009,washington, ri,725000,0.0248,0.1704,289,0.2902,-0.3184,35,0.0687,-0.4595,228,-0.1364,0.0459,0,-1,-1,44,0.5714,-0.3333,365,-0.047,-0.2082,386,0.0399,0.2089,1812,0.0008,-0.0471,1198593,-0.0485,0.1461,653,0.074,-0.2667,1.263,-0.4468,0.1757,0
202107,44005,newport, ri,775000,-0.008,0.0359,224,0.1144,-0.3743,38,0.0411,-0.4882,140,-0.1765,0.0145,4,,0,48,0.3333,-0.2258,230,-0.0707,-0.0945,426,0,0.1671,1826,0.0047,-0.1888,1620160,-0.0414,0.1586,451,0.0056,-0.2558,1.0268,-0.2046,0.3173,0
202106,44007,providence, ri,327450,0.0236,0.0549,508,0.1508,-0.3197,22,-0.14,-0.5057,788,0.0649,0.1867,12,0.5,0.5,124,0.55,-0.2706,1383,0.0688,0.1055,234,0.0055,0.1368,1420,0.0262,-0.0754,428370,0.0787,0.0934,1887,0.0895,-0.051,2.7251,-0.2091,1.0482,0
202106,44005,newport, ri,781250,-0.0073,0.06,201,0.2642,-0.4853,37,-0.1512,-0.5508,170,0.0625,0.1806,0,-1,-1,36,0.125,-0.4,248,0.0532,0.1458,426,-0.0692,0.179,1818,-0.0509,-0.1809,1690111,-0.0527,0.2759,449,0.1241,-0.2593,1.2313,-0.2466,0.6782,0
202106,44001,bristol, ri,609225,0.0898,0.0392,62,0.4643,-0.5802,23,-0.3357,-0.5674,88,0.2941,0.0732,0,,,6,-0.25,-0.8333,124,0.1027,-0.0314,328,0.0181,0.1395,1855,0.0142,-0.157,1031590,-0.0091,0.1803,182,0.1742,-0.3346,2.0081,-0.6585,1.1378,0
202106,44003,kent, ri,353750,0.011,0.0723,232,0.1262,-0.2806,28,-0.0345,-0.3913,314,0.0467,0.1805,4,0,1,36,0.125,-0.3793,620,0.0438,0.1877,250,0.0316,0.1811,1482,0.0244,-0.0483,450555,0.0535,0.0595,849,0.0613,0.0107,2.6724,-0.2111,1.0538,0
202106,44009,washington, ri,707475,-0.0988,0.0983,224,0.1789,-0.5254,33,-0.3105,-0.5589,264,0.3469,0.1379,2,-0.5,-0.5,28,1.3333,-0.6889,383,-0.0353,-0.0636,371,-0.0375,0.186,1810,0.0238,-0.0619,1259633,-0.0114,0.2015,608,0.0429,-0.3079,1.7098,-0.3797,0.8433,0
202105,44009,washington, ri,785000,0.0106,0.3676,190,0.0243,-0.6325,48,-0.0777,-0.3987,196,0,-0.0577,4,1,0,12,-0.4545,-0.8125,397,0.0272,0.3503,386,0,0.2846,1768,-0.0053,-0.0433,1274186,-0.037,0.275,583,0.0282,-0.2767,2.0895,0.0059,1.5208,0
202105,44005,newport, ri,787000,-0.0128,0.1675,159,0.0291,-0.6005,43,-0.1848,-0.4625,160,0.2308,0.1111,4,1,,32,1,-0.2,235,0.0515,0.5878,458,0.0488,0.3329,1915,-0.085,-0.0881,1784153,0.0121,0.4908,399,0.0598,-0.2679,1.478,0.0314,1.1061,0
202105,44003,kent, ri,349900,0.0196,0.0606,206,0.1638,-0.4097,29,-0.0169,-0.4912,300,-0.0446,0.3158,4,-0.8667,-0.6667,32,0.4545,-0.5556,594,0.0111,0.4313,242,-0.0076,0.1351,1447,-0.0041,-0.0778,427663,-0.021,0.0175,800,0.0451,0.0444,2.8835,-0.4357,1.6944,0
202105,44001,bristol, ri,559000,-0.1709,0,42,0.2174,-0.7143,35,0.0687,-0.4167,68,0.2593,-0.1053,0,,,8,3,-0.6,112,0.0045,0.3023,322,-0.0183,0.1404,1829,-0.1824,-0.1527,1041015,-0.0732,0.3259,155,0.0727,-0.3348,2.6667,-0.5652,2.0816,0
202105,44007,providence, ri,319900,0.0156,0.0665,441,0.0849,-0.4635,25,-0.1667,-0.5146,740,0.2585,0.2171,8,-0.5,1,80,0.1429,-0.5122,1294,0.1401,0.2442,233,0.0355,0.1548,1384,-0.0167,-0.0995,397129,0.0349,0.0546,1732,0.1081,-0.0638,2.9342,0.1421,1.669,0
202104,44005,newport, ri,797225,0.0394,0.2172,155,0,-0.5847,53,-0.3059,-0.2699,130,0.0317,0.8056,2,0,,16,-0.3846,-0.2727,224,0.0347,0.4513,437,0.0303,0.2603,2093,0.1065,0.0252,1762759,-0.0322,0.5022,377,0.0162,-0.2849,1.4466,0.0485,1.0326,1
202104,44003,kent, ri,343175,-0.005,0.0726,177,-0.1038,-0.5151,30,0.0536,-0.3949,314,-0.0188,0.8046,30,1.5,4,22,-0.2143,-0.6452,588,0.175,0.456,244,0.0073,0.1572,1453,-0.0119,-0.0639,436856,0.0049,0.099,766,0.0889,0.0033,3.3192,0.7876,2.2137,1
202104,44001,bristol, ri,674225,-0.1234,0.28,35,-0.1266,-0.7527,33,-0.1382,-0.4519,54,-0.069,0.4211,0,,,2,-0.6667,-0.8333,112,0.1989,0.3274,328,0.0401,0.1845,2237,-0.1014,0.0936,1123178,0.0257,0.5095,145,0.0865,-0.3462,3.2319,0.8775,2.6297,1
202104,44007,providence, ri,314975,-0.0062,0.0511,407,-0.0252,-0.5138,30,-0.1892,-0.3333,588,0.05,0.4203,16,1,7,70,0,-0.527,1135,0.1459,0.1558,225,-0.0043,0.1239,1408,0.0054,-0.0875,383737,-0.0116,0.0233,1563,0.1148,-0.1357,2.7921,0.4168,1.6175,0
202104,44009,washington, ri,776750,0.016,0.4194,186,-0.0339,-0.6584,52,-0.3224,-0.2797,196,0.0889,0.5806,2,0,,22,0.2222,-0.4211,387,0.1677,0.4585,386,0.0071,0.3412,1778,-0.0272,-0.0097,1323193,0.0162,0.4042,567,0.0872,-0.297,2.0836,0.3596,1.5955,0
202103,44001,bristol, ri,769125,0.0164,0.3441,40,-0.0706,-0.7148,38,-0.3448,-0.2692,58,0.5263,-0.2368,0,,,6,0,-0.7692,93,0.1273,-0.0606,315,0.0142,0.1242,2489,0,0.1615,1095009,0.0084,0.4153,133,0.064,-0.4292,2.3544,0.4133,1.6396,0
202103,44007,providence, ri,316950,0.0569,0.0656,417,0.0477,-0.5085,37,-0.0692,-0.1778,560,0.2844,-0.0879,8,-0.2,1,70,0.129,-0.6154,991,-0.0246,-0.0629,226,0.024,0.1331,1400,-0.0127,-0.0952,388250,0.0135,0.0449,1402,-0.0102,-0.2588,2.3753,-0.1762,1.1296,0
202103,44009,washington, ri,764500,0.0197,0.3964,192,-0.0278,-0.6336,76,-0.0256,0.1386,180,0.5,-0.0909,2,,-0.5,18,0,-0.6667,331,0.0442,0.0015,383,0.0148,0.3315,1827,-0.0734,0.0157,1302087,-0.0132,0.3553,522,0.0116,-0.3876,1.724,0.1189,1.0932,0
202103,44005,newport, ri,767000,-0.0192,0.1809,155,-0.0804,-0.579,76,-0.1364,0.2209,126,0.3404,-0.1,2,0,,26,0.3,-0.2353,216,0.1221,0.0964,424,0.0147,0.2552,1892,-0.0241,-0.0529,1821460,-0.012,0.6009,371,0.0335,-0.3425,1.3981,0.2522,0.8613,0
202103,44003,kent, ri,344900,0.0612,0.0781,198,0.0618,-0.4816,28,-0.3253,-0.3526,320,0.7021,0.28,12,-0.4,2,28,0.0769,-0.5172,500,0.0787,0.1792,243,0.0188,0.1488,1471,0.0169,-0.0488,434732,0.0456,0.0911,703,0.0799,-0.1207,2.5316,0.0397,1.4188,0
202102,44009,washington, ri,749750,0.001,0.501,198,-0.1524,-0.6195,78,0.0986,-0.1086,120,0.1111,-0.3023,0,,,18,-0.1,-0.775,317,0.016,0.0602,378,0.0107,0.3572,1972,0.0574,0.1269,1319535,0.0886,0.564,516,-0.0627,-0.369,1.6051,0.266,1.029,1
202102,44007,providence, ri,299900,-0.0247,0.0523,398,-0.1422,-0.5612,40,-0.0756,-0.25,436,-0.0268,-0.1138,10,0.25,0.25,62,-0.1389,-0.6961,1016,-0.0025,0.1123,221,-0.005,0.1227,1418,-0.047,-0.0569,383066,-0.0344,0.0786,1417,-0.0357,-0.2161,2.5515,0.3575,1.5449,0
202102,44005,newport, ri,782000,-0.0572,0.2573,168,-0.1724,-0.5145,88,-0.0588,-0.1619,94,-0.06,-0.0962,2,-0.5,,20,0,-0.6429,193,0.1738,0.1,418,-0.0112,0.2399,1938,-0.1027,-0.0171,1843613,0.0179,0.6395,359,-0.0151,-0.3145,1.1458,0.338,0.6401,0
202102,44001,bristol, ri,756750,0.0445,0.2948,43,-0.2273,-0.678,58,-0.0333,-0.0645,38,-0.05,-0.3214,0,,,6,0.5,-0.7857,83,0.0855,0.1,311,0.0383,0.1176,2489,0.0336,0.1189,1085930,0.0913,0.3922,125,-0.031,-0.3873,1.9412,0.5594,1.373,0
202102,44003,kent, ri,325000,-0.0438,0.0159,186,-0.1308,-0.5169,42,-0.046,-0.3615,188,-0.0962,-0.06,20,0.25,4,26,-0.2778,-0.6176,464,0.1142,0.2769,238,0.0305,0.1301,1446,-0.0106,-0.0515,415770,-0.0181,0.036,651,0.0268,-0.132,2.4919,0.548,1.5491,0
202101,44009,washington, ri,749000,0.0723,0.5454,233,-0.191,-0.56,71,0.1181,-0.2447,108,-0.0526,-0.4066,0,-1,-1,20,-0.1667,-0.6296,312,-0.0728,0.2164,374,0.1038,0.3456,1865,0.0038,0.0648,1212126,0.0445,0.4246,550,-0.1122,-0.3056,1.3391,0.1707,0.8546,1
202101,44001,bristol, ri,724500,0.0454,0.3055,55,-0.127,-0.5956,60,-0.1111,-0.2899,40,0.6667,-0.0909,0,,,4,-0.7143,-0.8,76,-0.1872,0.505,300,0.0029,0.0827,2408,0.0397,0.1258,995046,0.057,0.3029,129,-0.1757,-0.297,1.3818,-0.1023,1.0105,0
202101,44003,kent, ri,339900,0.0201,0.075,214,-0.0989,-0.518,44,-0.0543,-0.4,208,0.2093,0.1556,16,1.6667,1.6667,36,0.2,-0.617,416,-0.1638,0.2418,231,0.0423,0.1274,1462,-0.0273,-0.0386,423426,-0.0073,0.0878,634,-0.1345,-0.1835,1.9439,-0.1508,1.1894,0
202101,44007,providence, ri,307500,0.025,0.0966,464,-0.2102,-0.5406,43,0.0361,-0.3385,448,0,-0.0705,8,-0.2,1,72,-0.4098,-0.617,1018,-0.1495,0.3448,222,0.0373,0.1429,1488,0.0109,-0.0175,396719,0.0454,0.1341,1469,-0.174,-0.1668,2.194,0.1565,1.4445,0
202101,44005,newport, ri,829450,0.0371,0.5081,203,-0.1212,-0.4314,94,0.1987,-0.2208,100,0.4706,-0.0196,4,,1,20,-0.0909,-0.375,164,-0.1675,0.1971,422,0.0276,0.2942,2160,-0.0064,0.1633,1811153,0.0775,0.6618,364,-0.1465,-0.2632,0.8079,-0.0449,0.4241,1
202012,44003,kent, ri,333200,0.0024,0.0416,238,-0.1441,-0.5411,46,0.5862,-0.2977,172,-0.3281,0.3651,6,0.5,2,30,-0.5588,-0.6591,498,-0.1976,0.3593,222,-0.0089,0.0782,1503,0.0108,-0.0221,426525,-0.0073,0.0882,733,-0.1829,-0.1733,2.0947,-0.1395,1.3875,0
202012,44009,washington, ri,698500,0.0001,0.4418,288,-0.0915,-0.5073,64,0.1925,-0.2905,114,-0.3294,0.1176,2,,-0.5,24,-0.4783,-0.5714,337,-0.1086,0.2746,338,0.0273,0.2507,1858,0.0234,0.045,1160536,0.0315,0.3545,620,-0.108,-0.2699,1.1684,-0.0224,0.7167,0
202012,44007,providence, ri,300000,-0.0228,0.055,588,-0.1467,-0.4819,42,0.4068,-0.2906,448,-0.2774,0.5448,10,0.6667,4,122,-0.3646,-0.337,1197,-0.1585,0.387,214,-0.0117,0.1044,1472,0.0041,-0.0268,379501,-0.0191,0.0818,1779,-0.1537,-0.1036,2.0374,-0.0286,1.2764,0
202012,44001,bristol, ri,693050,0.0041,0.2376,63,-0.2759,-0.5579,68,0.1345,-0.1536,24,-0.52,0.7143,0,,,14,0,0.1667,94,-0.15,0.4167,299,-0.0011,0.0753,2316,-0.0139,0.0597,941396,-0.0216,0.2285,157,-0.2096,-0.2458,1.4841,0.2198,1.021,1
202012,44005,newport, ri,799750,0.0009,0.4423,231,-0.1029,-0.4324,78,0.1642,-0.3036,68,-0.2917,0.0968,0,,,22,-0.3889,-0.3125,197,-0.1106,0.2313,411,0.0177,0.2357,2174,0.0006,0.1717,1680930,0.0316,0.5171,427,-0.0974,-0.2504,0.8528,-0.0074,0.4597,0
202011,44007,providence, ri,307000,-0.039,0.0623,689,-0.0248,-0.4655,30,0.0536,-0.41,620,-0.1243,0.1832,6,-0.5,0.5,192,0.1163,-0.4947,1423,-0.0356,0.3086,216,0.0107,0.1119,1466,-0.0191,-0.0346,386892,-0.0388,0.0708,2102,-0.043,-0.1118,2.0661,-0.0231,1.2221,0
202011,44001,bristol, ri,690200,0.0387,0.2566,87,-0.1031,-0.5246,60,0.1226,-0.0775,50,-0.1071,0.25,0,,,14,-0.3,-0.6818,110,-0.1791,0.25,299,-0.0292,0.0755,2349,0.0324,0.0528,962185,-0.0097,0.1857,198,-0.1354,-0.2667,1.2644,-0.1171,0.7835,0
202011,44005,newport, ri,799000,-0.0012,0.3429,258,-0.0771,-0.4635,67,0.1356,-0.3649,96,-0.1429,0.4118,0,-1,,36,-0.25,-0.5263,222,-0.1481,0.1477,404,0.0341,0.1976,2173,-0.0265,0.1063,1629471,0.0726,0.4194,473,-0.1234,-0.3031,0.8602,-0.0717,0.4581,0
202011,44009,washington, ri,698450,-0.0011,0.3972,317,-0.0704,-0.529,53,0.1452,-0.2804,170,-0.2411,0.1806,0,-1,,46,-0.1154,-0.6167,378,-0.144,0.1439,330,-0.0233,0.184,1816,-0.0455,0.0109,1125044,-0.0586,0.2431,695,-0.1073,-0.311,1.1909,-0.1024,0.7005,0
202011,44003,kent, ri,332400,0.0076,0.0181,278,-0.0657,-0.5413,29,0.2083,-0.383,256,-0.2,0.3333,4,0,0,68,-0.15,-0.5278,620,-0.0096,0.4762,224,-0.0133,0.0914,1487,0.0051,-0.0471,429644,0.0072,0.0985,897,-0.0202,-0.1321,2.2342,0.1265,1.54,0
202010,44009,washington, ri,699250,0.0004,0.3916,341,-0.0421,-0.5361,47,0.0449,-0.2635,224,-0.0427,0.0467,12,2,5,52,-0.3333,-0.6579,441,-0.0145,0.1729,337,0.0142,0.1944,1902,-0.0527,0.0567,1195128,0.0417,0.3568,778,-0.0305,-0.2994,1.2933,0.0362,0.7817,0
202010,44005,newport, ri,799950,-0.0583,0.3643,279,-0.0036,-0.4756,59,-0.0084,-0.3622,112,-0.3086,0.0182,4,,0,48,0,-0.5102,260,-0.078,0.2683,390,0.0131,0.1765,2232,-0.0222,0.1341,1519204,-0.05,0.3228,539,-0.0366,-0.2672,0.9319,-0.0752,0.5466,0
202010,44007,providence, ri,319450,-0.0007,0.1017,706,-0.0035,-0.4917,28,0.1429,-0.333,708,-0.1172,0.2292,12,-0.3333,2,172,-0.1569,-0.5805,1475,0.0051,0.2821,214,0.0003,0.1038,1495,-0.0052,-0.016,402501,-0.0061,0.0887,2196,0.0129,-0.1303,2.0892,0.018,1.2609,0
202010,44001,bristol, ri,664500,0.0213,0.2481,97,0.0211,-0.5013,53,-0.014,-0.0407,56,0,-0.0667,0,,,20,-0.2308,-0.6667,134,-0.0822,0.3137,308,0.0142,0.1286,2275,0.0002,0.0631,971650,-0.0378,0.2309,229,-0.0498,-0.2224,1.3814,-0.1554,0.857,0
202010,44003,kent, ri,329900,0.0233,0.0086,297,0.0458,-0.5385,24,-0.2131,-0.4468,320,0.0323,0.2403,4,-0.5,1,80,0.4815,-0.6947,626,0.0601,0.3743,227,0.0514,0.1254,1479,-0.0181,-0.0508,426572,-0.0179,0.0866,915,0.0427,-0.1655,2.1077,0.0285,1.3999,0
202009,44009,washington, ri,699000,0.068,0.3451,356,-0.043,-0.515,45,-0.2458,-0.2931,234,-0.0085,0.0636,4,0,0,78,-0.025,-0.5517,448,-0.01,0.1593,333,0.0305,0.1599,2008,0.0225,0.104,1147317,0.0797,0.2926,803,-0.0273,-0.2822,1.257,0.042,0.7311,0
202009,44005,newport, ri,849500,0.0125,0.4288,280,-0.0667,-0.4904,60,-0.162,-0.2913,162,0.3065,0.3729,0,,-1,48,-0.0769,-0.5714,282,0.0444,0.3397,385,0.0275,0.1699,2283,-0.0049,0.1564,1599222,0.0502,0.3939,560,-0.0219,-0.2628,1.0071,0.1071,0.6241,0
202009,44003,kent, ri,322400,-0.0227,-0.016,284,0.0253,-0.5611,31,-0.1528,-0.3061,310,0.0197,0.1314,8,0,1,54,-0.1563,-0.7955,591,0.0077,0.2795,216,0.0113,0.0706,1506,-0.0406,-0.0357,434348,0.0013,0.1039,878,0.0192,-0.2062,2.0792,-0.0363,1.3659,0
202009,44007,providence, ri,319675,0.0152,0.1027,709,0.0373,-0.4925,25,-0.2097,-0.4248,802,0.1657,0.3234,18,0.5,1.25,204,0.275,-0.4848,1468,0.0142,0.2624,214,0.0147,0.1092,1502,-0.0051,-0.0084,404961,0.0097,0.0971,2168,0.0222,-0.1491,2.0713,-0.0473,1.2385,0
202009,44001,bristol, ri,650625,0.0418,0.244,95,-0.2083,-0.5065,54,-0.1042,-0.1092,56,-0.3,-0.0667,0,,,26,0.3,-0.5517,146,0.1145,0.3774,304,0.0101,0.1218,2275,0.0339,0.0635,1009808,0.109,0.2817,241,-0.0123,-0.1886,1.5368,0.4452,0.9862,0
202008,44001,bristol, ri,624500,0.0572,0.1996,120,-0.0661,-0.3878,60,0.165,-0.0717,80,0.3333,0.4286,0,,,20,-0.2308,-0.5,131,-0.0332,0.1593,301,0.0395,0.1183,2200,0.0574,0.0294,910530,0.0349,0.1479,244,-0.0705,-0.2078,1.0917,0.0372,0.5151,0
202008,44007,providence, ri,314900,0.0128,0.0862,683,-0.038,-0.5142,31,-0.1842,-0.3055,688,-0.0753,0.0299,12,-0.1429,0.5,160,0.1268,-0.5876,1447,0.055,0.2201,211,0.0141,0.097,1510,-0.0063,-0.0033,401064,0.0269,0.0926,2121,0.0244,-0.1792,2.1186,0.1869,1.2751,0
202008,44009,washington, ri,654500,0.0566,0.2182,372,-0.1226,-0.4876,59,-0.0888,-0.0807,236,0.0826,0.0536,4,0,,80,0.2121,-0.4872,452,-0.0195,0.1443,323,0.0102,0.1149,1964,0.0329,0.0746,1062620,0.0161,0.1976,825,-0.0736,-0.2634,1.2151,0.1278,0.671,0
202008,44005,newport, ri,839000,0.1215,0.3826,300,-0.162,-0.4737,71,-0.0438,-0.068,124,-0.1014,-0.0606,0,-1,,52,-0.1613,-0.5667,270,0.063,0.25,375,0.0274,0.1443,2294,0.0191,0.1575,1522845,0.0891,0.3257,572,-0.0561,-0.2704,0.9,0.1905,0.5211,0
202008,44003,kent, ri,329900,0.0076,0.0044,277,-0.0142,-0.5603,36,-0.25,-0.2032,304,0.0556,0.0411,8,3,1,64,0.1429,-0.7288,586,0.0112,0.2629,213,0.0164,0.0497,1570,-0.0003,-0.0014,433804,0.0184,0.0988,861,-0.0058,-0.2123,2.1155,0.0532,1.379,0
202007,44001,bristol, ri,590725,0.0076,0.0829,129,-0.1229,-0.3895,52,-0.0419,-0.1694,60,-0.2683,0.0714,0,,,26,-0.2778,-0.48,136,0.0627,0.1732,289,0.0051,0.0641,2081,-0.0543,-0.0535,879863,0.0067,0.1039,263,-0.0402,-0.1784,1.0545,0.1842,0.5058,0
202007,44009,washington, ri,619450,-0.0384,0.1356,424,-0.1017,-0.4184,65,-0.1279,0.0928,218,-0.0603,-0.0603,4,0,0,66,-0.2667,-0.5541,461,0.1271,0.1411,320,0.0202,0.114,1901,-0.0148,0.0409,1045762,-0.0025,0.2019,891,0.0137,-0.2098,1.0873,0.2207,0.5331,0
202007,44005,newport, ri,748125,0.0151,0.2325,358,-0.0832,-0.3736,74,-0.0862,0.0761,138,-0.0417,-0.1039,4,-0.3333,,62,0.0333,-0.4918,254,0.1759,0.1467,365,0.0101,0.1241,2251,0.0144,0.123,1398319,0.0556,0.2189,606,0.0008,-0.2358,0.7095,0.1564,0.3219,0
202007,44007,providence, ri,310925,0.0017,0.0664,710,-0.0483,-0.4927,38,-0.1264,-0.1648,744,0.1205,0.0598,14,0.75,1.3333,142,-0.1647,-0.6378,1372,0.0963,0.0928,208,0.009,0.0809,1520,-0.0107,0.0038,390566,-0.0031,0.0675,2071,0.0412,-0.209,1.9317,0.2547,1.0349,0
202007,44003,kent, ri,327400,-0.0076,-0.0144,281,-0.1287,-0.5344,48,0.0435,0.0492,288,0.0827,-0.071,2,0,-0.6667,56,-0.0345,-0.7021,580,0.1102,0.1719,210,-0.0098,0.0251,1571,0.0083,-0.0147,425958,0.0016,0.0717,866,0.031,-0.2102,2.0623,0.4437,1.2429,0
202006,44007,providence, ri,310400,0.0349,0.0381,746,-0.0925,-0.4728,44,-0.1553,0.0116,664,0.0921,-0.1863,8,1,-0.3333,170,0.0366,-0.5991,1251,0.2029,-0.072,206,0.0215,0.0747,1536,-0.0007,0,391779,0.0404,0.0475,1989,0.0749,-0.2806,1.6769,0.4117,0.7243,0
202006,44001,bristol, ri,586250,0.0487,0.0487,147,-0.0034,-0.3311,54,-0.1042,0.075,82,0.0789,0.2813,0,,,36,0.8,-0.4706,128,0.4826,-0.1207,288,0.019,0.0597,2200,0.0195,0,874032,0.1132,0.079,274,0.1738,-0.2403,0.8703,0.2853,0.2082,0
202006,44003,kent, ri,329900,0,0,323,-0.0759,-0.4543,46,-0.193,0.1795,266,0.1667,-0.2926,2,-0.8333,-0.5,58,-0.1944,-0.6979,522,0.2578,-0.0645,212,-0.0086,0.0559,1558,-0.0073,-0.032,425262,0.0118,0.0781,840,0.0966,-0.267,1.6186,0.4295,0.6744,0
202006,44009,washington, ri,644175,0.1223,0.2213,472,-0.087,-0.3587,74,-0.0601,0.4143,232,0.1154,-0.1944,4,0,-0.75,90,0.4063,-0.3571,409,0.3912,-0.0683,313,0.0425,0.117,1930,0.0441,0.0628,1048377,0.0491,0.2416,879,0.09,-0.242,0.8665,0.2979,0.2701,0
202006,44005,newport, ri,737000,0.0933,0.2387,391,-0.0188,-0.3088,81,0.0156,0.2695,144,0,-0.1,6,,0.5,60,0.5,-0.5313,216,0.4595,-0.027,361,0.0523,0.1369,2219,0.0567,0.1379,1324624,0.1068,0.1916,606,0.111,-0.2257,0.5531,0.1813,0.1602,0
202005,44007,providence, ri,299945,0.0009,0.0258,822,-0.0167,-0.4174,52,0.1444,0.3038,608,0.4686,-0.3229,4,1,-0.3333,164,0.1081,-0.5816,1040,0.0591,-0.2328,202,0.0078,0.0594,1537,-0.0036,0.002,376562,0.0042,0.0117,1850,0.0229,-0.3293,1.2652,0.0906,0.3045,0
202005,44005,newport, ri,674100,0.0292,0.1627,398,0.0699,-0.2547,80,0.1073,0.1679,144,1,-0.2,0,,,40,0.8182,-0.6667,148,-0.039,-0.3689,343,-0.0084,0.0843,2100,0.0287,0.0769,1196767,0.0199,0.0982,545,0.0351,-0.288,0.3719,-0.0421,-0.0673,0
202005,44009,washington, ri,574000,0.0489,0.0494,517,-0.0479,-0.2529,79,0.1049,0.4364,208,0.6774,-0.3918,4,,-0.5,64,0.6842,-0.4754,294,0.1094,-0.2941,300,0.044,0.0683,1848,0.0295,0.0114,999333,0.0605,0.1859,806,-0.0006,-0.2716,0.5687,0.0806,-0.0332,0
202005,44001,bristol, ri,559000,0.0612,0.0267,147,0.0538,-0.3082,60,0.0042,0.3333,76,1,-0.3448,0,,,20,0.6667,-0.697,86,0.0238,-0.3008,282,0.0197,0.0516,2158,0.0553,-0.0062,785167,0.0552,-0.07,233,0.0543,-0.3034,0.585,-0.0171,0.0062,0
202005,44003,kent, ri,329900,0.0311,0,349,-0.0438,-0.4039,57,0.1692,0.443,228,0.3103,-0.3871,12,1,1,72,0.1613,-0.4857,415,0.0285,-0.195,214,0.0117,0.0584,1569,0.0108,-0.0194,420317,0.0574,0.0862,766,0.0039,-0.3102,1.1891,0.0836,0.3087,0
202004,44005,newport, ri,654950,0.0084,0.1325,372,0.0136,-0.253,72,0.1606,0.0176,72,-0.4857,-0.6436,0,,-1,22,-0.3529,-0.725,154,-0.2183,-0.3461,346,0.0261,0.1153,2042,0.0222,0.0289,1173442,0.0314,0.0984,527,-0.0657,-0.2812,0.414,-0.1228,-0.0589,0
202004,44003,kent, ri,319950,0.0001,-0.0302,365,-0.042,-0.3585,49,0.1272,0.1471,174,-0.304,-0.5112,6,0.5,0.5,62,0.069,-0.5974,404,-0.0483,-0.0809,211,0,0.039,1552,0.004,-0.0135,397501,-0.0024,0.0375,763,-0.0457,-0.2416,1.1055,-0.0074,0.334,0
202004,44007,providence, ri,299675,0.0075,0.0353,836,-0.0147,-0.3853,45,0,0.1538,414,-0.3257,-0.5241,2,-0.5,-0.75,148,-0.1868,-0.5866,982,-0.071,-0.149,200,0.0038,0.0569,1543,-0.0031,0.0202,374987,0.0092,0.0412,1809,-0.0439,-0.2696,1.1746,-0.0711,0.3261,0
202004,44001,bristol, ri,526750,-0.0795,-0.023,140,0.0072,-0.2734,60,0.149,0.2849,38,-0.5,-0.5366,0,,-1,12,-0.5385,-0.6667,84,-0.1515,-0.2821,277,-0.0129,0.0341,2045,-0.0457,-0.11,744069,-0.0383,-0.1856,221,-0.0515,-0.2836,0.6022,-0.1127,-0.0072,0
202004,44009,washington, ri,547250,-0.0004,-0.0044,543,0.0363,-0.1319,72,0.0712,0.2381,124,-0.3737,-0.5634,0,-1,-1,38,-0.2963,-0.5366,265,-0.1982,-0.3591,288,-0.0002,0.0061,1795,-0.0022,-0.013,942338,-0.0191,0.1703,807,-0.0528,-0.2223,0.488,-0.1427,-0.173,0
202003,44003,kent, ri,319909,0,-0.0132,381,-0.0104,-0.297,43,-0.3346,-0.1043,250,0.25,-0.0385,4,0,-0.6667,58,-0.1471,-0.5857,424,0.168,0.0443,211,0.0022,0.035,1546,0.0141,0.008,398449,-0.0071,0.0541,800,0.066,-0.1549,1.1129,0.17,0.3638,0
202003,44005,newport, ri,649500,0.0443,0.1063,367,0.0607,-0.2158,62,-0.4071,-0.3685,140,0.3462,-0.2045,0,,,34,-0.3929,-0.575,197,0.1257,-0.0199,338,0.0024,0.0833,1997,0.0128,-0.0184,1137762,0.0118,0.0639,564,0.0774,-0.1552,0.5368,0.031,0.1073,0
202003,44007,providence, ri,297450,0.0437,0.0481,849,-0.0645,-0.3523,45,-0.1509,-0.0974,614,0.248,-0.0971,4,-0.5,-0.5,182,-0.1078,-0.3933,1057,0.1577,0.0666,199,0.0146,0.0613,1547,0.0291,0.0233,371583,0.0462,0.0499,1892,0.0468,-0.1737,1.2457,0.2391,0.4892,0
202003,44009,washington, ri,547475,0.096,-0.0033,524,0.0096,-0.1267,67,-0.2371,-0.0415,198,0.1512,-0.1466,4,,,54,-0.325,-0.1563,331,0.1054,-0.0392,288,0.0345,0.0094,1799,0.028,-0.0108,960716,0.1387,0.1751,852,0.0422,-0.0941,0.6307,0.0546,0.0574,0
202003,44001,bristol, ri,572225,-0.0209,0.0555,139,0.0492,-0.1707,52,-0.1613,-0.304,76,0.3571,0.2667,0,,-1,26,-0.0714,-0.1875,99,0.32,0.0206,281,0.0082,0.059,2143,-0.0366,-0.0521,773707,-0.0081,-0.1809,233,0.1422,-0.1141,0.7148,0.1466,0.134,0
202002,44009,washington, ri,499500,0.0306,-0.0818,519,-0.0198,-0.099,88,-0.0691,-0.0331,172,-0.0549,-0.0227,0,-1,-1,80,0.4815,0.6,299,0.1657,0.0222,278,0.002,0.0412,1750,-0.0009,-0.0429,843668,-0.0085,0.0257,817,0.0316,-0.0598,0.5761,0.0917,0.0683,0
202002,44005,newport, ri,621950,0.1308,0.0383,346,-0.0308,-0.2018,105,-0.125,-0.1411,104,0.0196,-0.2,0,-1,,56,0.75,-0.1515,175,0.2774,0.0638,337,0.0321,0.0904,1972,0.0621,-0.0478,1124524,0.0318,0.0331,523,0.0587,-0.121,0.5058,0.122,0.1263,0
202002,44003,kent, ri,319900,0.0118,0.0255,385,-0.1329,-0.3094,65,-0.1034,0.0788,200,0.1111,0.0204,4,-0.3333,-0.7143,68,-0.2766,-0.3929,363,0.0836,0.0254,211,0.0281,0.0291,1525,0.0028,0.0259,401313,0.031,0.0862,750,-0.0341,-0.1708,0.9429,0.1884,0.3079,0
202002,44007,providence, ri,285000,0.0164,0.0319,907,-0.102,-0.3004,53,-0.1846,-0.209,492,0.0207,-0.0646,8,1,-0.4286,204,0.0851,-0.2031,913,0.2061,0.0653,196,0.013,0.0547,1504,-0.0073,-0.0017,355165,0.0153,0.0216,1807,0.025,-0.1568,1.0066,0.2571,0.3456,0
202002,44001,bristol, ri,584450,0.0532,0.0211,132,-0.0294,-0.1827,62,-0.2663,-0.3657,56,0.2727,0.2174,0,,,28,0.4,0,75,0.4851,0.0563,278,0.0059,0.0602,2225,0.04,-0.0316,779995,0.0213,-0.1743,204,0.1117,-0.1111,0.5682,0.1969,0.1286,0
202001,44005,newport, ri,550000,-0.0081,-0.0484,357,-0.1229,-0.1932,120,0.0714,0.0412,102,0.6452,0.0851,2,,,32,0,-0.3043,137,-0.1438,-0.0486,326,-0.0189,0.0502,1857,0.0007,-0.0679,1089858,-0.0164,0.0299,494,-0.1318,-0.1563,0.3838,-0.0094,0.0583,0
202001,44009,washington, ri,484675,0.0005,-0.051,530,-0.0941,-0.1473,94,0.0503,-0.0053,182,0.7843,0.0341,2,-0.5,-0.5,54,-0.0357,-0.0357,257,-0.0284,0.0755,278,0.026,0.0991,1752,-0.0149,-0.0387,850862,-0.0069,0.0843,792,-0.0666,-0.0812,0.4844,0.0328,0.1004,0
202001,44001,bristol, ri,554950,-0.009,0.0649,136,-0.0456,-0.1856,85,0.0596,-0.1011,44,2.1429,0.1,0,,,20,0.6667,-0.4444,51,-0.2348,-0.192,277,-0.004,0.0574,2139,-0.0213,-0.052,763721,-0.0034,-0.1615,184,-0.1157,-0.2004,0.3713,-0.0918,-0.0029,0
202001,44007,providence, ri,280406,-0.0139,0.0339,1010,-0.1093,-0.2663,65,0.1111,-0.0299,482,0.6621,0.0343,4,1,-0.6,188,0.0217,-0.4013,757,-0.1228,-0.0239,194,0.0024,0.0436,1515,0.0013,-0.001,349813,-0.0028,0.0248,1763,-0.1114,-0.1733,0.7495,-0.0115,0.1861,0
202001,44003,kent, ri,316172,-0.0117,0.0406,444,-0.142,-0.2792,73,0.1069,0.0985,180,0.4286,-0.1176,6,2,-0.4,94,0.0682,-0.4337,335,-0.0847,0.1433,205,-0.0032,0.0004,1520,-0.0106,0.0363,389243,-0.0069,0.0934,777,-0.1236,-0.1462,0.7545,0.0473,0.2789,0
201912,44005,newport, ri,554500,-0.0681,-0.039,407,-0.1521,-0.1811,112,0.0616,0.1667,62,-0.0882,-0.1389,0,,-1,32,-0.5789,-0.3333,160,-0.171,0.1034,333,-0.0136,0.073,1856,-0.0552,-0.081,1108008,-0.0348,0.0241,569,-0.1608,-0.1109,0.3931,-0.009,0.1014,0
201912,44001,bristol, ri,560000,0.0196,0.1202,143,-0.2213,-0.2578,80,0.2364,-0.0673,14,-0.65,-0.65,0,,,12,-0.7273,-0.4,66,-0.25,-0.0149,278,-0.0009,0.0657,2186,-0.0204,0.0841,766328,-0.0557,-0.0989,208,-0.2315,-0.1798,0.4632,-0.0177,0.1142,0
201912,44003,kent, ri,319900,-0.0202,0.0663,518,-0.1446,-0.2445,66,0.3936,0.1102,126,-0.3438,-0.3152,2,-0.5,-0.5,88,-0.3889,-0.3889,366,-0.1286,0.0487,206,0.0032,0.0165,1537,-0.0151,0.0396,391945,0.0021,0.0738,886,-0.1423,-0.1423,0.7072,0.013,0.1978,0
201912,44009,washington, ri,484450,-0.0309,-0.0111,585,-0.1315,-0.1276,90,0.2095,-0.0165,102,-0.2917,-0.0893,4,,0,56,-0.5333,-0.2632,264,-0.2,0.0233,271,-0.0276,0.091,1778,-0.01,-0.016,856813,-0.0533,0.1131,849,-0.1582,-0.0857,0.4517,-0.0387,0.0666,0
201912,44007,providence, ri,284350,-0.0161,0.0571,1134,-0.1196,-0.2881,59,0.17,0.0086,290,-0.4466,-0.2368,2,-0.5,-0.9167,184,-0.5158,-0.3947,863,-0.2061,0.0423,193,-0.005,0.0551,1513,-0.004,0.0057,350802,-0.0291,0.0392,1984,-0.1615,-0.1751,0.761,-0.0829,0.2412,0
201911,44003,kent, ri,326500,-0.0018,0.0895,605,-0.0598,-0.1939,47,0.0833,-0.0784,192,-0.2558,-0.1028,4,1,1,144,-0.4504,-0.301,420,-0.0779,-0.0255,205,0.0175,0.0277,1560,0.0012,0.0341,391129,-0.0037,0.052,1033,-0.0579,-0.1209,0.6942,-0.0136,0.1199,0
201911,44005,newport, ri,595000,0.0147,0.0348,480,-0.0977,-0.1296,106,0.1405,0.2057,68,-0.3818,-0.1282,0,-1,-1,76,-0.2245,-0.0732,193,-0.0585,0.0404,337,0.0159,0.0743,1964,-0.002,-0.0158,1147967,-0.0004,0.0389,678,-0.0782,-0.0763,0.4021,0.0167,0.0657,0
201911,44001,bristol, ri,549250,0.0316,0.1461,183,-0.0591,-0.1408,65,0.1674,-0.1513,40,-0.3333,0.0526,0,,-1,44,-0.2667,0,88,-0.1373,0.0798,278,0.0187,0.0699,2231,0.0425,0.1155,811491,0.028,-0.0328,270,-0.0832,-0.0769,0.4809,-0.0435,0.0982,0
201911,44009,washington, ri,499900,-0.0051,-0.0216,673,-0.0844,-0.1056,74,0.1721,-0.132,144,-0.3271,0.125,0,-1,-1,120,-0.2105,0.1111,330,-0.1223,0.046,278,-0.0147,0.0848,1796,-0.0022,-0.0263,905016,0.0274,0.0767,1008,-0.0923,-0.0588,0.4903,-0.0212,0.0711,0
201911,44007,providence, ri,289000,-0.0033,0.0708,1288,-0.0727,-0.264,50,0.1911,0.0526,524,-0.0903,-0.0542,4,0,-0.8182,380,-0.0732,-0.3645,1087,-0.0552,0.1212,194,0.0033,0.0595,1519,-0.0002,0.0117,361314,-0.0227,0.0726,2366,-0.063,-0.1255,0.8439,0.0157,0.2899,0
201910,44007,providence, ri,289950,0.0002,0.0546,1389,-0.005,-0.2157,42,-0.0144,-0.0567,576,-0.0495,-0.1454,4,-0.5,-0.9683,410,0.0354,-0.5572,1151,-0.0103,0.0628,194,0.0052,0.0429,1519,0.0025,0.0051,369707,0.0016,0.0801,2525,-0.009,-0.1117,0.8283,-0.0044,0.2171,0
201910,44009,washington, ri,502475,-0.033,-0.0044,735,0.0014,-0.0965,63,0.0029,-0.1957,214,-0.0273,0.019,2,-0.5,-0.9167,152,-0.1264,-0.4759,376,-0.0259,0.0697,282,-0.015,0.0944,1800,-0.0103,-0.0324,880865,-0.0076,0.0619,1111,-0.0067,-0.0476,0.5116,-0.0143,0.0795,0
201910,44003,kent, ri,327091,-0.0017,0.094,644,-0.0054,-0.1713,43,-0.0129,-0.1323,258,-0.0584,-0.1677,2,-0.5,-0.9615,262,-0.0076,-0.3069,456,-0.013,0.0022,201,0.0003,0.0086,1558,-0.0024,0.0302,392563,-0.0023,0.0473,1097,-0.0081,-0.1056,0.7078,-0.0054,0.1225,0
201910,44005,newport, ri,586364,-0.0138,0.018,532,-0.0318,-0.0991,93,0.1018,0.1045,110,-0.0678,-0.1667,4,0,-0.7143,98,-0.125,-0.5196,205,-0.0261,-0.033,332,0.0074,0.0632,1968,-0.0031,-0.0153,1148470,0.001,0.0796,736,-0.031,-0.0783,0.3853,0.0023,0.0263,0
201910,44001,bristol, ri,532400,0.0179,0.1427,195,0.0104,-0.1488,55,-0.0844,-0.1629,60,0,-0.1667,0,,-1,60,0.0345,-0.4444,102,-0.0377,0.0909,273,0.0081,0.0647,2140,0.0006,0.0833,789371,0.0019,-0.0143,295,-0.0084,-0.0854,0.5244,-0.0262,0.1152,0
201909,44003,kent, ri,327636,-0.0025,0.0572,647,0.027,-0.143,44,-0.0272,-0.001,274,-0.0616,-0.0616,4,0,-0.9412,264,0.1186,-0.34,462,-0.0054,-0.0843,201,-0.0085,0.0084,1562,-0.0065,0.0162,393464,-0.0034,0.0183,1106,0.0114,-0.1212,0.7133,-0.0232,0.0457,0
201909,44001,bristol, ri,523023,0.0046,0.0481,193,-0.0179,-0.163,60,-0.0664,0.0057,60,0.0714,-0.2105,0,,-1,58,0.45,-0.5,106,-0.0619,-0.0185,271,0.0069,0.0445,2139,0.0008,0.0352,787890,-0.0067,-0.054,297,-0.0357,-0.1265,0.5506,-0.0259,0.0811,0
201909,44005,newport, ri,594545,-0.0202,0.0077,550,-0.036,-0.0671,84,0.102,-0.0238,118,-0.1061,-0.2436,4,,-0.6667,112,-0.0667,-0.4043,211,-0.0255,-0.0071,329,0.0051,0.0559,1974,-0.0039,-0.0142,1147291,-0.0012,0.0874,759,-0.0319,-0.0536,0.3831,0.0041,0.0231,0
201909,44007,providence, ri,289900,0,0.0542,1396,-0.0071,-0.1774,43,-0.0458,-0.032,606,-0.0928,-0.25,8,0,-0.9556,396,0.0206,-0.5395,1163,-0.0198,0.0144,193,0.0036,0.0391,1515,0,0.0033,369130,0.0056,0.0615,2548,-0.0139,-0.0984,0.8327,-0.0108,0.1574,0
201909,44009,washington, ri,519648,-0.0328,-0.0323,734,0.011,-0.1125,63,-0.0191,-0.1007,220,-0.0179,-0.1129,4,,-0.8571,174,0.1154,-0.4122,386,-0.0228,0.0321,287,-0.0095,0.0748,1819,-0.0047,-0.03,887601,0.0004,0.0465,1118,-0.0018,-0.066,0.5259,-0.0182,0.0736,0
201908,44005,newport, ri,606818,-0.0003,0.0051,570,-0.0026,-0.0256,76,0.1041,-0.0357,132,-0.1429,-0.0571,0,,-1,120,-0.0164,-0.2941,216,-0.0248,0.1339,328,0.0092,0.0335,1982,-0.0113,-0.0456,1148673,0.0012,0.0589,784,-0.0113,0.0162,0.3789,-0.0086,0.0533,0
201908,44003,kent, ri,328455,-0.0112,0.0597,630,0.0439,-0.1358,45,-0.0124,0.1296,292,-0.0581,-0.1978,4,-0.3333,-0.9512,236,0.2553,-0.3257,464,-0.0617,-0.0096,203,-0.0074,0.017,1572,-0.0137,0.0183,394816,-0.0067,0.0141,1093,-0.0032,-0.0922,0.7365,-0.0829,0.0938,0
201908,44001,bristol, ri,520609,-0.0456,0.0441,196,-0.0689,-0.1588,65,0.0425,0.0955,56,0,-0.2632,0,,-1,40,-0.2,-0.6552,113,-0.0216,0.0865,269,-0.0108,0.0318,2137,-0.0277,0.0304,793228,-0.0048,-0.0124,308,-0.036,-0.0833,0.5765,0.0278,0.1302,0
201908,44009,washington, ri,537259,-0.0151,0.0139,726,-0.0041,-0.1373,64,0.0832,0.0787,224,-0.0345,-0.0261,0,-1,-1,156,0.0541,-0.5273,395,-0.0223,-0.0088,290,0.0093,0.0805,1827,0.0006,-0.016,887281,0.0198,0.0714,1120,-0.0062,-0.0928,0.5441,-0.0101,0.0705,0
201908,44007,providence, ri,289900,-0.0057,0.0466,1406,0.0046,-0.1223,45,-0.019,0.0756,668,-0.0484,-0.165,8,0.3333,-0.9529,388,-0.0102,-0.5257,1186,-0.055,-0.0166,192,-0.0008,0.0258,1515,0.0008,0.006,367063,0.0032,0.0618,2584,-0.0128,-0.0778,0.8435,-0.0532,0.0907,0
201907,44007,providence, ri,291575,-0.0248,0.0603,1400,-0.011,-0.0753,46,0.0581,0.1974,702,-0.1397,-0.1563,6,-0.5,-0.9688,392,-0.0755,-0.44,1255,-0.069,0.0137,192,0.0032,0.0313,1514,-0.0145,-0.0036,365875,-0.0218,0.0494,2618,-0.053,-0.0424,0.8967,-0.0559,0.0788,0
201907,44005,newport, ri,607000,0.0202,0.0118,572,0.0115,0.0035,69,0.0781,-0.0417,154,-0.0375,0.0405,0,-1,-1,122,-0.0469,-0.3776,222,-0.0023,0.1941,325,0.0216,0.0377,2005,0.0279,-0.0386,1147245,0.0321,0.0259,793,0.0141,0.0573,0.3876,-0.0053,0.0619,0
201907,44009,washington, ri,545500,0.0342,0.0104,729,-0.0095,-0.1206,59,0.1286,0.1075,232,-0.1944,-0.1471,4,-0.75,-0.9091,148,0.0571,-0.4599,404,-0.0797,0.0012,287,0.023,0.0743,1826,0.0059,-0.0229,870073,0.0305,0.0245,1127,-0.0276,-0.0841,0.5542,-0.0423,0.0675,0
201907,44003,kent, ri,332175,0.0069,0.0446,604,0.0212,-0.1241,46,0.1731,0.0398,310,-0.1755,-0.0663,6,0.5,-0.9302,188,-0.0208,-0.4629,495,-0.1138,-0.0294,205,0.0199,0.0426,1594,-0.0093,0.018,397470,0.0077,0.0076,1097,-0.0432,-0.0824,0.8194,-0.1248,0.0799,0
201907,44001,bristol, ri,545500,-0.0242,0.0906,211,-0.0388,-0.0927,62,0.24,0.1589,56,-0.125,-0.3171,0,,-1,50,-0.2647,-0.4792,116,-0.2034,0.1493,272,0.0009,0.0389,2198,-0.0009,0.0484,797047,-0.0161,-0.024,320,-0.1125,-0.0377,0.5487,-0.1134,0.1155,0
201906,44005,newport, ri,595000,0.0263,-0.0082,565,0.0581,0.0386,64,-0.0657,-0.0154,160,-0.1111,-0.0698,4,,-0.75,128,0.0667,-0.2889,222,-0.0533,0.1503,318,0.0036,-0.0106,1950,0,-0.0539,1111607,0.0201,0.0878,782,0.0216,0.0611,0.3929,-0.0462,0.0381,0
201906,44007,providence, ri,299000,0.0226,0.0873,1415,0.0028,0.0143,43,0.0886,0.303,816,-0.0913,-0.1356,12,1,-0.9492,424,0.0816,-0.3497,1348,-0.0055,0.0337,192,0.0069,0.0365,1536,0.0013,0.024,374019,0.0049,0.0813,2764,0.002,0.0256,0.9527,-0.008,0.0179,0
201906,44003,kent, ri,329914,0,0.0642,591,0.0094,-0.0693,39,-0.0127,0.0263,376,0.0108,0.0562,4,-0.3333,-0.9565,192,0.3714,-0.4,558,0.0824,-0.0089,201,-0.0062,0.0168,1609,0.0056,0.0418,394441,0.0193,-0.0001,1146,0.032,-0.0482,0.9442,0.0637,0.0575,0
201906,44001,bristol, ri,559000,0.0267,0.0648,219,0.0306,-0.0267,50,0.1111,0.1364,64,-0.4483,-0.3846,0,,-1,68,0.0303,-0.4688,145,0.1789,0.1508,272,0.0111,0.0298,2200,0.0131,0.0338,810068,-0.0405,-0.0107,360,0.0762,0.0375,0.6621,0.0833,0.1021,0
201906,44009,washington, ri,527450,-0.0357,-0.0393,736,0.0636,-0.0503,53,-0.0455,0.0194,288,-0.1579,-0.1325,16,1,-0.6,140,0.1475,-0.4355,439,0.054,0.1344,280,-0.0029,0.0252,1816,-0.0064,-0.0302,844347,0.002,-0.0209,1159,0.0474,-0.0009,0.5965,-0.0054,0.0971,0
201905,44003,kent, ri,329900,0,0.0491,586,0.029,0.0263,40,-0.0706,0.1049,372,0.0449,-0.0971,6,0.5,-0.9118,140,-0.0909,-0.4355,516,0.1743,-0.0636,202,-0.0067,0.0075,1600,0.0168,0.041,386970,0.01,-0.0184,1111,0.1039,-0.0094,0.8804,0.1089,-0.0845,0
201905,44005,newport, ri,579750,0.0025,-0.0329,534,0.0723,0.0943,69,-0.0352,0.1709,180,-0.1089,-0.0909,0,-1,-1,120,0.5,0.0345,235,-0.0042,0.2026,317,0.02,0.0006,1950,-0.0173,-0.0616,1089727,0.0201,0.0877,766,0.0451,0.1175,0.4391,-0.0338,0.0395,0
201905,44001,bristol, ri,544450,0.0098,-0.0405,213,0.1068,0.1394,45,-0.0323,0.1392,116,0.4146,-0.0169,0,-1,-1,66,0.8333,-0.2826,123,0.0513,0.025,269,0.0028,0.0311,2172,-0.0549,-0.0291,844257,-0.076,0.0665,335,0.0843,0.0967,0.5788,-0.0306,-0.0646,0
201905,44009,washington, ri,547000,-0.0048,-0.0144,692,0.1063,0.0597,55,-0.0476,-0.0833,342,0.2042,0.1712,8,3,-0.75,122,0.4878,-0.3511,417,0.0073,0.0625,281,-0.0167,0.0456,1827,0.0047,-0.0443,842683,0.0466,-0.044,1107,0.067,0.0599,0.6019,-0.0592,0.0016,0
201905,44007,providence, ri,292400,0.0102,0.073,1411,0.0375,0.2106,40,0.0128,0.1286,898,0.0322,-0.0239,6,-0.25,-0.9697,392,0.095,-0.2768,1356,0.1746,0.0516,190,0.0054,0.041,1534,0.0146,0.0036,372195,0.0335,0.0801,2759,0.1141,0.1287,0.9607,0.1121,-0.1453,0
201904,44005,newport, ri,578325,-0.0149,-0.0288,498,0.0641,0.128,71,-0.2797,0.2034,202,0.1477,0.0978,2,,-0.8333,80,0,-0.3846,236,0.1716,0.2834,311,-0.0034,0.0093,1984,-0.0248,-0.0473,1068285,-0.001,0.067,733,0.0982,0.1664,0.4729,0.0434,0.0573,0
201904,44007,providence, ri,289450,0.0199,0.0742,1360,0.0382,0.3033,39,-0.2178,-0.025,870,0.2794,0.0688,8,0,-0.9403,358,0.1933,-0.1353,1154,0.1645,-0.0233,189,0.008,0.0413,1512,0,0.0043,360143,0.0176,0.0519,2476,0.0817,0.1168,0.8485,0.092,-0.2837,0
201904,44009,washington, ri,549650,0.0006,0.0087,626,0.0425,0.0477,58,-0.1708,-0.125,284,0.2241,0.0758,2,,-0.9474,82,0.2813,-0.5176,414,0.202,0.1191,286,0.003,0.0884,1819,0,-0.0618,805187,-0.0151,-0.046,1037,0.1032,0.0741,0.6611,0.0877,0.0421,0
201904,44003,kent, ri,329900,0.0176,0.0606,569,0.0498,0.1979,43,-0.1198,0.0119,356,0.3692,0.0289,4,-0.6667,-0.9259,154,0.1,-0.125,439,0.0813,-0.1367,203,-0.0039,0.03,1574,0.0259,-0.0029,383147,0.0136,-0.0352,1006,0.0634,0.0229,0.7715,0.0225,-0.299,0
201904,44001,bristol, ri,539143,-0.0055,-0.0618,192,0.1497,0.1066,47,-0.3776,0.069,82,0.3667,-0.1458,2,-0.5,-0.8,36,0.125,-0.5135,117,0.2062,0.1304,268,0.0108,0.0183,2298,0.0163,0.0409,913651,-0.0328,0.1199,309,0.173,0.1178,0.6094,0.0285,0.0128,0
201903,44005,newport, ri,587099,-0.0199,-0.0133,468,0.0796,0.2283,99,-0.1937,-0.1786,176,0.3538,0.2941,0,,-1,80,0.2121,-0.2593,201,0.2219,0.142,312,0.0089,0.0221,2035,-0.0175,-0.0429,1069377,-0.0175,0.0235,667,0.121,0.2194,0.4295,0.05,-0.0325,0
201903,44001,bristol, ri,542143,-0.0528,-0.0831,167,0.0341,0.1284,75,-0.2357,0.465,60,0.3043,-0.2857,4,,-0.5,32,0.1429,-0.2,97,0.3662,0.0659,265,0.0094,0.0181,2261,-0.0157,-0.0556,944626,0,0.111,263,0.146,0.1097,0.5808,0.1412,-0.034,0
201903,44007,providence, ri,283800,0.0275,0.0639,1310,0.0104,0.3519,50,-0.2559,0.0838,680,0.2928,0.1333,8,-0.4286,-0.9333,300,0.1719,-0.2925,991,0.1564,-0.0669,188,0.0084,0.0661,1512,0.004,0,353918,0.0181,0.0408,2289,0.0681,0.1399,0.7565,0.0955,-0.3395,0
201903,44003,kent, ri,324186,0.0392,0.0897,542,-0.0278,0.1757,48,-0.1986,0.073,260,0.3265,0.0656,12,-0.1429,-0.6667,140,0.25,-0.1667,406,0.1469,0.0437,204,-0.0034,0.0399,1534,0.0321,-0.0015,378017,0.0232,-0.0202,946,0.0459,0.109,0.7491,0.1141,-0.0947,0
201903,44009,washington, ri,549300,0.0097,0.0463,600,0.0417,0.0471,70,-0.2305,-0.2347,232,0.3182,0.16,0,-1,-1,64,0.28,-0.4286,344,0.1761,-0.0171,285,0.0671,0.0998,1819,-0.0054,-0.0463,817528,-0.0061,-0.0339,940,0.0817,0.0206,0.5733,0.0655,-0.0375,0
201902,44007,providence, ri,276200,0.0184,0.0655,1297,-0.0581,0.3236,67,0,0.0268,526,0.1288,0.052,14,0.4,-0.7879,256,-0.1847,-0.3191,857,0.1051,-0.0864,186,0.0023,0.0759,1506,-0.0066,0.0101,347641,0.0185,0.0486,2143,0.0049,0.1202,0.661,0.0976,-0.2966,0
201902,44001,bristol, ri,572375,0.0983,-0.1139,162,-0.0329,0.2189,98,0.0399,-0.069,46,0.15,0,0,,-1,28,-0.2222,-0.1765,71,0.136,-0.1744,263,0.0033,-0.0009,2297,0.0181,-0.0519,944665,0.0372,0.0375,230,0,0.0625,0.4396,0.0654,-0.2094,1
201902,44003,kent, ri,311950,0.0267,0.1248,558,-0.095,0.2093,60,-0.0871,-0.0163,196,-0.0392,-0.1765,14,0.4,-0.5882,112,-0.3253,-0.3488,354,0.2082,-0.018,205,-0.0006,0.0616,1486,0.013,-0.0201,369456,0.0378,-0.0001,905,-0.0055,0.097,0.635,0.1593,-0.147,0
201902,44005,newport, ri,599000,0.0363,0.0345,434,-0.0203,0.1812,122,0.0607,-0.0944,130,0.383,0.4444,0,,-1,66,0.4348,-0.2326,165,0.1424,0.0579,309,-0.0058,0.0306,2071,0.0397,-0.0321,1088443,0.0286,-0.0101,595,0.0162,0.1409,0.3795,0.054,-0.0442,0
201902,44009,washington, ri,544000,0.0652,0.0913,576,-0.0725,0,91,-0.0423,-0.2642,176,0,-0.102,2,-0.5,-0.9167,50,-0.1071,-0.5833,293,0.2264,0.0636,267,0.0577,0.0415,1829,0.0036,0.0141,822545,0.0482,-0.0197,869,0.0081,0.023,0.5078,0.1238,0.0304,0
201901,44005,newport, ri,578000,0.0017,0.0299,443,-0.1097,0.1063,115,0.2005,-0.0706,94,0.3056,0.2703,0,-1,-1,46,-0.0417,-0.3947,144,-0.0069,0.1566,311,0.0024,0.0527,1992,-0.0134,-0.0743,1058192,-0.0219,-0.0276,586,-0.0852,0.1184,0.3254,0.0337,0.0142,0
201901,44003,kent, ri,303850,0.0128,0.1155,616,-0.1007,0.2714,66,0.1186,-0.0435,204,0.1087,0.3784,10,1.5,-0.6429,166,0.1528,-0.0349,293,-0.1605,-0.1629,205,0.0129,0.0669,1467,-0.0074,-0.0249,355985,-0.0247,-0.0304,910,-0.1196,0.0925,0.4756,-0.0338,-0.2467,0
201901,44009,washington, ri,510700,0.0425,0.0764,621,-0.0731,0.0561,95,0.0385,-0.2348,176,0.5714,0.3968,4,0,-0.7778,56,-0.2632,-0.4909,239,-0.0756,-0.1215,253,0.0185,0.0026,1822,0.0083,0.0086,784746,0.0195,-0.0314,862,-0.0711,0.0058,0.3841,-0.001,-0.0777,0
201901,44007,providence, ri,271200,0.0082,0.0658,1377,-0.1359,0.2919,67,0.1552,-0.0563,466,0.2263,0.0939,10,-0.5833,-0.8936,314,0.0329,-0.1649,776,-0.0634,-0.105,186,0.0135,0.0753,1516,0.008,0.0169,341340,0.0112,0.0644,2133,-0.1133,0.1095,0.5634,0.0436,-0.2498,0
201901,44001,bristol, ri,521150,0.0425,-0.0612,167,-0.1302,0.2416,94,0.0994,-0.0693,40,0,-0.1667,0,,-1,36,0.8,0.125,63,-0.0672,-0.1135,262,0.0038,0.0323,2256,0.1192,-0.0615,910770,0.0709,0.0478,230,-0.0929,0.1141,0.3743,0.0253,-0.1499,0
201812,44003,kent, ri,300000,0.0011,0.1123,685,-0.0873,0.1996,59,0.1569,-0.0248,184,-0.1402,-0.0417,4,1,-0.9286,144,-0.301,-0.2653,349,-0.1903,-0.1187,202,0.0142,0.0679,1478,-0.0202,-0.0228,365002,-0.0183,-0.0004,1033,-0.1209,0.0694,0.5095,-0.0648,-0.184,0
201812,44005,newport, ri,577000,0.0035,0.0212,497,-0.0988,0.0828,96,0.0971,-0.0769,72,-0.0769,0.3846,4,1,-0.5,48,-0.4146,-0.4545,145,-0.2183,0.0211,310,-0.0124,0.0477,2019,0.0118,-0.0574,1081885,-0.0209,0.0194,640,-0.1281,0.0667,0.2918,-0.0446,-0.0176,0
201812,44007,providence, ri,269000,-0.0033,0.0386,1593,-0.0897,0.2795,58,0.2211,-0.0794,380,-0.3141,0.0556,24,0.0909,-0.8065,304,-0.4916,-0.3613,828,-0.146,-0.1953,183,-0.0009,0.063,1504,0.002,0.004,337574,0.0021,0.0456,2405,-0.1111,0.0627,0.5198,-0.0342,-0.3067,0
201812,44001,bristol, ri,499900,0.0431,0.0009,192,-0.0986,0.3061,86,0.125,0,40,0.0526,0.6667,0,-1,-1,20,-0.5455,-0.5,67,-0.1779,-0.1625,261,0.0031,0.0441,2016,0.008,-0.0974,850451,0.0137,0.0367,253,-0.135,0.1295,0.349,-0.0337,-0.1953,0
201812,44009,washington, ri,489900,-0.0412,0.027,670,-0.1096,-0.0089,91,0.0674,-0.1415,112,-0.125,0.0769,4,-0.3333,-0.6667,76,-0.2963,-0.5,258,-0.1823,-0.1513,248,-0.0331,-0.0209,1807,-0.0203,0.0033,769735,-0.0843,-0.0222,928,-0.1335,-0.0521,0.3851,-0.0342,-0.0646,0
201811,44005,newport, ri,575000,-0.0017,-0.0234,552,-0.066,0.0867,88,0.0448,-0.1337,78,-0.4091,-0.093,2,-0.8571,-0.8571,82,-0.598,-0.4459,186,-0.125,-0.0364,314,0.0053,0.0591,1996,-0.0015,-0.0785,1105000,0.0388,0.0306,734,-0.0802,0.0561,0.3364,-0.0227,-0.043,0
201811,44003,kent, ri,299675,0.0023,0.0899,751,-0.0335,0.2027,51,0.02,-0.0332,214,-0.3097,0.019,2,-0.9615,-0.963,206,-0.455,-0.2256,431,-0.0517,-0.059,199,-0.0014,0.065,1509,-0.0026,-0.0012,371804,-0.0081,0.0015,1175,-0.0416,0.086,0.5743,-0.011,-0.1597,0
201811,44001,bristol, ri,479225,0.0285,-0.0396,213,-0.0678,0.1966,76,0.1515,0.2991,38,-0.4722,-0.2083,2,-0.6667,-0.5,44,-0.5926,-0.4211,82,-0.1283,-0.2238,260,0.0138,0.0779,2000,0.0124,-0.0749,838983,0.0476,0.0552,293,-0.0916,0.0391,0.3826,-0.0266,-0.2073,0
201811,44007,providence, ri,269900,-0.0184,0.0403,1750,-0.0119,0.2527,48,0.0674,-0.108,554,-0.178,-0.0315,22,-0.8254,-0.8226,598,-0.3542,-0.0597,970,-0.1044,-0.1808,184,-0.0124,0.0591,1501,-0.0066,-0.0069,336858,-0.0159,0.0334,2706,-0.0482,0.054,0.554,-0.0572,-0.2932,0
201811,44009,washington, ri,510925,0.0124,0.023,753,-0.075,-0.0408,85,0.086,-0.0475,128,-0.3905,-0.0986,6,-0.75,-0.8235,108,-0.6276,-0.449,316,-0.1024,-0.1519,257,-0.006,-0.0125,1845,-0.0085,-0.0127,840582,0.0134,0.0728,1071,-0.0815,-0.0739,0.4193,-0.0128,-0.0549,0
201810,44003,kent, ri,298975,-0.0353,0.0874,777,0.0285,0.2142,50,0.1364,0.0638,310,0.0616,0.1567,52,-0.2353,-0.2571,378,-0.055,0.2115,455,-0.0982,-0.1192,200,0,0.0638,1513,-0.0159,-0.0017,374825,-0.03,0.014,1226,-0.0254,0.0615,0.5853,-0.0822,-0.2216,0
201810,44001,bristol, ri,465925,-0.0663,-0.1232,229,-0.0065,0.2385,66,0.1,0.1282,72,-0.0526,0,6,-0.25,-0.25,108,-0.069,0.35,94,-0.1343,-0.1974,256,-0.011,0.0309,1976,-0.0438,-0.1135,800832,-0.0384,-0.0508,322,-0.0529,0.086,0.4092,-0.0604,-0.2222,1
201810,44009,washington, ri,504675,-0.0602,0.0154,814,-0.0163,-0.0257,79,0.1214,0,210,-0.1532,0.0096,24,-0.1429,-0.3333,290,-0.0203,0.2185,352,-0.0602,-0.1749,258,-0.0327,-0.0056,1860,-0.0079,-0.0079,829489,-0.0221,0.0514,1166,-0.0259,-0.0746,0.4321,-0.0202,-0.0781,0
201810,44007,providence, ri,274950,-0.0002,0.0537,1771,0.0436,0.1938,45,0.0114,-0.101,674,-0.1658,0.0498,126,-0.3,-0.1818,926,0.0767,0.2152,1083,-0.0554,-0.1068,186,0.0016,0.077,1511,0.0007,-0.0084,342302,-0.0157,0.0369,2843,0.0058,0.0559,0.6112,-0.0641,-0.2058,0
201810,44005,newport, ri,576000,-0.0237,-0.0132,591,0.0025,0.0688,84,-0.0262,-0.154,132,-0.1538,0.1,14,0.1667,0.1667,204,0.0851,0.2289,212,0,-0.0599,312,0.0005,0.0583,1999,-0.002,-0.0826,1063744,0.0082,-0.0336,798,-0.005,0.0264,0.359,-0.0009,-0.0491,0
201809,44009,washington, ri,537000,0.0134,0.081,827,-0.0172,-0.0645,70,0.1765,-0.021,248,0.0783,0.0333,28,-0.2632,-0.4167,296,-0.103,0,374,-0.0615,-0.167,267,-0.0042,0.0285,1875,0.0097,0.0268,848197,0.0242,0.084,1197,-0.0304,-0.1007,0.4522,-0.0213,-0.0557,0
201809,44007,providence, ri,275000,-0.0072,0.0581,1697,0.0593,0.1536,44,0.0602,-0.102,808,0.01,0.1813,180,0.0588,-0.0816,860,0.0513,0.1813,1146,-0.0498,-0.0854,186,-0.0093,0.0733,1510,0.0027,-0.0144,347750,0.006,0.058,2826,0.0086,0.0467,0.6753,-0.0775,-0.1765,0
201809,44001,bristol, ri,499000,0.0008,-0.0844,230,-0.0129,0.2299,60,0.0169,-0.0551,76,0,0.1176,8,-0.2,0,116,0,0.45,108,0.0385,-0.194,259,-0.0053,0.0283,2066,-0.0039,-0.0793,832825,0.0369,-0.0237,340,0.0119,0.0726,0.4696,0.0232,-0.247,0
201809,44005,newport, ri,590000,-0.0227,0.0085,589,0.0068,-0.0034,86,0.0886,-0.0753,156,0.1143,0.2188,12,-0.1429,-0.25,188,0.1059,0,212,0.1129,-0.014,312,-0.0162,0.0475,2003,-0.0356,-0.0576,1055070,-0.0273,-0.0501,802,0.0395,0.0075,0.3599,0.0343,-0.0039,0
201809,44003,kent, ri,309900,-0.0002,0.1478,755,0.0357,0.2022,44,0.1,-0.0638,292,-0.1978,0,68,-0.1707,-0.32,400,0.1429,0.087,504,0.0758,-0.0718,200,-0.0001,0.0862,1537,-0.0045,0.0165,386404,-0.0075,0.03,1258,0.0449,0.0835,0.6675,0.0249,-0.1971,0
201808,44003,kent, ri,309950,-0.0253,0.1074,729,0.0581,0.1507,40,-0.0909,0.0127,364,0.0964,-0.0055,82,-0.0465,2.7273,350,0,0.3158,469,-0.0805,0.9045,200,0.0176,0.0969,1544,-0.0139,0.0059,389330,-0.0131,0.0171,1204,0.0075,0.3768,0.6427,-0.0968,0.2543,0
201808,44007,providence, ri,277000,0.0073,0.0676,1602,0.0585,0.1083,42,0.0921,-0.0778,800,-0.0385,0.0178,170,-0.1146,3.25,818,0.1686,0.5376,1206,-0.0258,1.5824,187,0.0046,0.0907,1506,-0.0087,-0.0192,345686,-0.0085,0.0508,2802,0.0251,0.4674,0.7528,-0.0652,0.4297,0
201808,44001,bristol, ri,498625,-0.0031,-0.0834,233,0.0043,0.1478,59,0.1028,-0.1748,76,-0.0732,0,10,-0.1667,1.5,116,0.2083,1.2308,104,0.0348,0.415,261,-0.0041,0.0288,2074,-0.0107,-0.0733,803179,-0.0165,-0.0258,336,0.012,0.213,0.4464,0.0132,0.0843,0
201808,44009,washington, ri,529900,-0.0185,0.0799,842,0.0151,-0.0629,60,0.1121,-0.1053,230,-0.1544,-0.2813,38,-0.1364,2.8,330,0.2044,0.5,399,-0.0124,0.8797,268,0.0036,0.0263,1857,-0.0064,0.0113,828125,-0.0248,0.0598,1235,0.0033,0.1117,0.4736,-0.0132,0.2375,0
201808,44005,newport, ri,603725,0.0064,0.032,585,0.0272,-0.0152,79,0.0972,-0.0706,140,-0.0541,-0.0789,14,0,2.5,170,-0.1327,0.0897,191,0.027,0.2785,317,0.0133,0.0589,2077,-0.0041,-0.0204,1084736,-0.03,-0.0084,772,0.0287,0.0504,0.3256,-0.0001,0.0748,0
201807,44003,kent, ri,318000,0.0258,0.108,689,0.085,0.1718,44,0.1579,0.0732,332,-0.0674,-0.0235,86,-0.0652,1.6875,350,0.0938,0.6204,510,-0.095,0.9447,196,-0.0053,0.072,1566,0.0138,0.0011,394481,0,0.0213,1195,-0.0075,0.4059,0.7395,-0.1471,0.2939,0
201807,44001,bristol, ri,500175,-0.0473,-0.0939,232,0.0311,0.045,54,0.2159,-0.1641,82,-0.2115,0.025,12,0.5,2,96,-0.25,0.8462,101,-0.2024,0.3958,262,-0.0079,0.0355,2097,-0.0148,-0.0829,816688,-0.0026,-0.0346,332,-0.0432,0.1528,0.4332,-0.1268,0.1089,0
201807,44009,washington, ri,539900,-0.0166,0.0801,829,0.0697,-0.0569,54,0.0388,-0.1371,272,-0.1807,-0.1282,44,0.1,1.75,274,0.1048,0.4271,404,0.0426,1.0799,267,-0.0238,0.002,1869,-0.0016,0.0149,849228,-0.0153,0.1113,1231,0.0608,0.1489,0.4867,-0.0126,0.266,0
201807,44005,newport, ri,599900,0,0.0433,570,0.0469,-0.0524,72,0.1077,-0.0336,148,-0.1395,-0.1957,14,-0.125,0.75,196,0.0889,0.3611,186,-0.0389,0.3063,313,-0.0259,0.0428,2085,0.0116,0.0005,1118332,0.0944,0.023,750,0.0176,0.0108,0.3257,-0.0291,0.0895,0
201807,44007,providence, ri,275000,0,0.0581,1514,0.0849,0.078,38,0.1515,-0.1364,832,-0.1186,0.0947,192,-0.1864,2.6923,700,0.0736,0.5909,1238,-0.0506,1.5369,186,0.0082,0.0895,1519,0.0128,-0.016,348664,0.008,0.0531,2734,0.0143,0.4517,0.818,-0.1168,0.4704,0
201806,44001,bristol, ri,525000,-0.0748,-0.0865,225,0.2064,-0.0343,44,0.1139,-0.3071,104,-0.1186,0.1556,8,0,0.3333,128,0.3913,0.2549,126,0.05,0.7027,264,0.0124,0.04,2128,-0.0485,-0.1048,818833,0.0344,-0.0519,347,0.1377,0.1358,0.56,-0.0834,0.2424,0
201806,44003,kent, ri,310000,-0.0142,0.0368,635,0.1131,0.1421,38,0.0629,0.0411,356,-0.1359,0.0056,92,0.3529,2.8333,320,0.2903,0.7582,563,0.0227,1,197,-0.0152,0.0857,1545,0.0049,-0.0866,394493,0.0007,0.0081,1204,0.074,0.4249,0.8866,-0.0783,0.3803,0
201806,44009,washington, ri,549000,-0.0108,0.1002,775,0.1868,-0.0774,52,-0.1417,-0.1197,332,0.137,0.0921,40,0.25,2.3333,248,0.3191,0.4762,387,-0.0128,0.8169,274,0.0169,0.0465,1872,-0.0209,0.0321,862410,-0.0217,0.1861,1160,0.1111,0.1006,0.4994,-0.101,0.2458,0
201806,44007,providence, ri,275000,0.0092,0.0419,1395,0.1969,0.0065,33,-0.0571,-0.1316,944,0.0261,0.0607,236,0.1919,3.72,652,0.203,0.4052,1304,0.0116,1.472,185,0.0113,0.0761,1500,-0.0186,-0.0505,345907,0.0038,0.0222,2695,0.1027,0.4125,0.9348,-0.1712,0.5542,0
201806,44005,newport, ri,599900,0.0008,0.0343,544,0.1148,-0.0637,65,0.1111,-0.1447,172,-0.1313,-0.0652,16,0,0.3333,180,0.5517,0.4286,193,-0.0103,0.1914,321,0.015,0.033,2061,-0.0082,-0.0072,1021890,0.02,-0.0777,737,0.0759,-0.0061,0.3548,-0.0448,0.0759,0
201805,44003,kent, ri,314450,0.0109,0.1373,571,0.2011,0.0684,36,-0.1488,0.0833,412,0.1908,-0.0283,68,0.2593,2.4,248,0.4091,0.494,551,0.0826,1.0971,200,0.0154,0.1243,1537,-0.026,-0.0266,394233,-0.0073,0.0662,1121,0.1398,0.4101,0.9649,-0.1056,0.4734,0
201805,44001,bristol, ri,567450,-0.0126,0.0328,187,0.0749,-0.1891,40,-0.092,-0.2476,118,0.2292,0.1569,8,-0.2,3,92,0.2432,0.3529,120,0.1594,0.7266,261,-0.0097,0.0401,2237,0.0131,-0.0113,791604,-0.0297,-0.0731,305,0.1051,0.0167,0.6434,0.0469,0.3413,0
201805,44009,washington, ri,554975,0.0185,0.1338,653,0.0938,-0.1765,60,-0.0909,0.0169,292,0.1061,-0.1205,32,-0.1579,15,188,0.1059,0.2703,392,0.0609,0.8892,269,0.0235,0.0335,1912,-0.0137,0.0646,881508,0.0444,0.2384,1044,0.0813,0.0404,0.6003,-0.0186,0.3386,0
201805,44005,newport, ri,599450,0.0066,0.0657,488,0.1053,-0.1103,59,-0.0085,-0.2095,198,0.0761,0.0532,16,0.3333,1,116,-0.1077,0.3182,195,0.0627,0.2957,317,0.0288,0.0197,2078,-0.0023,0.0169,1001902,0.0007,-0.0968,685,0.0908,-0.0221,0.3996,-0.016,0.1252,0
201805,44007,providence, ri,272500,0.0113,0.0485,1166,0.1169,-0.1093,35,-0.125,0.0145,920,0.1302,-0.0171,198,0.4776,4.2105,542,0.3092,0.2844,1289,0.091,1.6468,183,0.0057,0.065,1529,0.0153,-0.0261,344584,0.0064,0.0199,2444,0.1024,0.365,1.106,-0.0263,0.7338,0
201804,44001,bristol, ri,574675,-0.028,0.0863,174,0.1723,-0.1659,44,-0.1471,-0.2564,96,0.1429,0,10,0.25,,74,0.85,0.4231,104,0.1374,0.4178,263,0.0106,0.0153,2208,-0.0779,0.002,815831,-0.0405,-0.0319,276,0.1646,-0.0247,0.5965,-0.0183,0.2456,0
201804,44007,providence, ri,269450,0.0101,0.0782,1044,0.0769,-0.1397,40,-0.1304,-0.0698,814,0.3567,-0.0622,134,0.1167,4.5833,414,-0.0236,0.2938,1182,0.1125,1.7286,182,0.032,0.0861,1506,-0.0043,-0.0121,342386,0.0069,0.0429,2217,0.1041,0.361,1.1322,0.0363,0.7753,0
201804,44003,kent, ri,311050,0.0455,0.1113,475,0.0304,-0.0326,42,-0.0667,-0.0233,346,0.418,0.0298,54,0.5,2.375,176,0.0476,0.2941,509,0.3072,0.9863,197,0.0057,0.1166,1578,0.0273,0.0233,397130,0.0293,0.0812,984,0.153,0.3363,1.0705,0.2267,0.5491,0
201804,44005,newport, ri,595500,0.0008,0.0847,442,0.1588,-0.1394,59,-0.5083,-0.2848,184,0.3529,0.2432,12,0.5,2,130,0.2037,0.413,184,0.0426,0.3593,308,0.0093,-0.0074,2083,-0.0203,0.038,1001239,-0.0417,-0.0515,628,0.1481,-0.0368,0.4156,-0.0463,0.1525,0
201804,44009,washington, ri,544900,0.0379,0.1189,597,0.0419,-0.1911,66,-0.2747,-0.0435,264,0.32,-0.0704,38,1.375,3.75,170,0.5179,0.371,370,0.0557,1.1864,263,0.0136,0.0313,1939,0.0165,0.0903,844047,-0.0026,0.188,966,0.0483,0.0669,0.6189,0.0081,0.3899,0
201803,44003,kent, ri,297500,0.0727,0.1523,461,0,-0.1185,45,-0.2653,-0.1429,244,0.0252,-0.2375,36,0.0588,1.5714,168,-0.0233,0.1667,389,0.0791,0.9305,196,0.0174,0.1096,1536,0.0129,0.0454,385813,0.0441,0.1455,853,0.0346,0.1872,0.8438,0.0618,0.4585,0
201803,44007,providence, ri,266750,0.029,0.0912,969,-0.0107,-0.2192,46,-0.295,-0.0891,600,0.2,-0.1404,120,0.8182,4,424,0.1277,0.4521,1062,0.1322,1.9623,176,0.0177,0.0818,1512,0.0141,0.008,340034,0.0257,0.0608,2008,0.0497,0.2605,1.096,0.1383,0.8071,0
201803,44009,washington, ri,525000,0.0532,0.1123,573,-0.0052,-0.1838,91,-0.2602,0.0581,200,0.0204,-0.2958,16,-0.3333,,112,-0.0667,0.5135,350,0.2727,1.5641,259,0.0106,0.0493,1907,0.0577,0.0753,846246,0.0086,0.1692,921,0.0842,0.0997,0.6108,0.1334,0.4164,0
201803,44001,bristol, ri,591250,-0.0847,0.1273,148,0.117,-0.2211,51,-0.5143,-0.2917,84,0.8261,-0.1923,8,1,3,40,0.1765,-0.1667,91,0.0581,0.5826,260,-0.0093,0.0081,2394,-0.0119,0.1109,850222,-0.0663,0.0252,237,0.0972,-0.0385,0.6149,-0.0342,0.3122,0
201803,44005,newport, ri,595000,0.0276,0.1163,381,0.0381,-0.2087,120,-0.1111,0.1137,136,0.5111,-0.2842,8,3,,108,0.2558,0.2857,176,0.1318,0.4606,305,0.0174,0.029,2126,-0.0064,0.0603,1044780,-0.0498,0.0492,547,0.0489,-0.0914,0.4619,0.0382,0.2117,0
201802,44009,washington, ri,498500,0.0507,0.0638,576,-0.0204,-0.1771,123,-0.004,0.1106,196,0.5556,0.8491,24,0.3333,5,120,0.0909,2.75,275,0.0129,1.7919,257,0.0181,0.0322,1803,-0.0019,0.0033,839034,0.0356,0.1572,850,-0.0088,0.0652,0.4774,0.0157,0.3367,1
201802,44005,newport, ri,579000,0.0317,0.0976,367,-0.0825,-0.2338,135,0.0887,0.0672,90,0.2162,0.5,2,-0.6667,-0.5,86,0.1316,1.6875,156,0.249,0.5171,300,0.0155,0.0098,2140,-0.0057,0.0692,1099511,0.0104,0.1521,522,-0.0038,-0.0946,0.4237,0.1125,0.2097,0
201802,44001,bristol, ri,645975,0.1637,0.2334,133,-0.0149,-0.2779,105,0.0396,0.0294,46,-0.0417,0.6429,4,0,,34,0.0625,0.8889,86,0.2199,1.3243,263,0.0365,0.0606,2423,0.0078,0.1456,910564,0.0476,0.1042,216,0.0485,-0.0159,0.6491,0.1249,0.4474,0
201802,44003,kent, ri,277350,0.0182,0.1301,461,-0.0485,-0.1534,61,-0.1123,-0.072,238,0.6081,0.803,34,0.2143,7.5,172,0,0.8298,361,0.03,1.3183,193,0.0043,0.085,1517,0.008,0.0607,369504,0.0064,0.1146,825,-0.0096,0.172,0.782,0.0596,0.4964,1
201802,44007,providence, ri,259225,0.0188,0.0806,980,-0.0807,-0.2195,65,-0.081,0.0276,500,0.1737,0.4368,66,-0.2979,7.25,376,0,1.321,938,0.0825,2.4805,173,0.0018,0.0626,1491,0.0002,0.0212,331522,0.0338,0.0824,1913,-0.0047,0.2536,0.9576,0.1444,0.7429,0
201801,44009,washington, ri,474450,-0.0053,0.0362,588,-0.1302,-0.1618,124,0.1651,0.1651,126,0.2115,-0.3505,18,0.5,2,110,-0.2763,0.3415,272,-0.1069,2.0678,252,-0.0054,0.0186,1807,0.0031,0.0098,810153,0.0291,0.1368,857,-0.1246,0.0855,0.4617,0.012,0.3356,0
201801,44007,providence, ri,254450,-0.0176,0.1068,1066,-0.1442,-0.1623,71,0.127,0.0519,426,0.1833,-0.2022,94,-0.2419,6.8333,376,-0.2101,0.3239,867,-0.1579,2.4453,173,0.0019,0.0623,1491,-0.0048,0.0378,320691,-0.0067,0.0699,1922,-0.1507,0.2703,0.8132,-0.0133,0.6155,0
201801,44001,bristol, ri,555125,0.1115,0.0537,135,-0.085,-0.2569,101,0.1813,-0.0122,48,1,-0.2258,4,-0.6667,,32,-0.2,0.4545,71,-0.1188,1.3115,254,0.0153,0.0284,2404,0.0763,0.1441,869212,0.0596,0.0217,206,-0.0804,-0.019,0.5242,-0.0201,0.3557,0
201801,44003,kent, ri,272400,0.01,0.09,485,-0.1515,-0.1603,69,0.1405,0.0455,148,-0.2292,-0.3884,28,-0.5,2.5,172,-0.1224,0.1026,350,-0.1162,1.6022,192,0.0138,0.0789,1505,-0.0053,0.0312,367152,0.0054,0.1219,833,-0.1382,0.1834,0.7224,0.0289,0.4893,0
201801,44005,newport, ri,561225,-0.0067,0.06,400,-0.1285,-0.1862,124,0.1923,0.0081,74,0.4231,-0.3019,6,-0.25,2,76,-0.1364,0.4074,125,-0.1232,0.6065,295,-0.0024,-0.0109,2152,0.0047,0.0946,1088193,0.0254,0.1175,524,-0.1275,-0.0767,0.3113,0.0019,0.1536,0
201712,44005,newport, ri,565000,-0.0403,0.0762,459,-0.0956,-0.1624,104,0.0297,-0.1779,52,-0.3953,-0.0714,8,-0.4286,,88,-0.4054,0.5714,142,-0.2623,0.6512,296,-0.0017,0.0133,2142,-0.0109,0.1104,1061282,-0.0102,0.092,600,-0.1367,-0.0491,0.3094,-0.0699,0.1524,0
201712,44001,bristol, ri,499450,0.0009,0.0009,147,-0.1742,-0.2687,86,0.4615,-0.2156,24,-0.5,-0.1429,12,2,2,40,-0.4737,0.6667,80,-0.2381,1.4242,250,0.0356,0.0264,2234,0.0331,0.0636,820322,0.0317,-0.0168,224,-0.2043,-0.0386,0.5442,-0.0457,0.38,0
201712,44007,providence, ri,259000,-0.0017,0.1266,1245,-0.1088,-0.1043,63,0.1831,-0.0308,360,-0.3706,-0.0217,124,0,4.1667,476,-0.2516,0.9194,1029,-0.1305,2.797,173,-0.0046,0.0662,1498,-0.0089,0.0285,322859,-0.0096,0.0666,2263,-0.1184,0.3665,0.8265,-0.0207,0.6315,0
201712,44003,kent, ri,269700,-0.0191,0.0395,571,-0.0849,-0.0775,61,0.1469,0.0431,192,-0.0857,0.0667,56,0.037,6,196,-0.2632,0.3243,396,-0.1354,1.3713,189,0.0114,0.0684,1513,0.0015,0.0073,365164,-0.0164,0.085,966,-0.1072,0.2337,0.6935,-0.0405,0.4237,0
201712,44009,washington, ri,477000,-0.0449,0.0612,676,-0.1383,-0.0926,106,0.1844,0.1522,104,-0.2676,-0.037,12,-0.6471,,152,-0.2245,1.5333,304,-0.1828,1.8679,253,-0.0249,0.0432,1801,-0.036,0.0291,787227,0.0047,0.1134,979,-0.1535,0.1504,0.4497,-0.0245,0.3074,0
201711,44005,newport, ri,588750,0.0087,0.1637,508,-0.0814,-0.1714,101,0.0202,-0.0818,86,-0.2833,-0.2321,14,0.1667,2.5,148,-0.1084,0.3962,193,-0.1463,0.758,296,0.0045,0.0466,2166,-0.006,0.1154,1072201,-0.026,0.1477,695,-0.1061,-0.032,0.3793,-0.0288,0.2005,0
201711,44009,washington, ri,499450,0.0049,0.1101,785,-0.0605,-0.1351,90,0.1401,0.0317,142,-0.3173,0.0923,34,-0.0556,4.6667,196,-0.1765,0.3243,372,-0.1268,1.6383,260,0.001,0.0829,1868,-0.0036,0.0579,783537,-0.0068,0.1305,1157,-0.0821,0.1046,0.4742,-0.036,0.3187,0
201711,44007,providence, ri,259450,-0.0057,0.1043,1397,-0.0583,-0.1036,53,0.0758,-0.0575,572,-0.109,-0.0467,124,-0.1948,5.8889,636,-0.1654,0.493,1184,-0.0235,2.156,173,0.0043,0.0584,1512,-0.008,0.0296,325973,-0.0126,0.0696,2567,-0.0464,0.3307,0.8472,0.0302,0.6066,0
201711,44001,bristol, ri,499000,-0.0609,0.0216,178,-0.0352,-0.2442,59,0,-0.3938,48,-0.3333,0.6,4,-0.5,1,76,-0.05,0.8095,105,-0.0987,1,241,-0.0304,-0.0095,2162,-0.0298,0.0655,795128,-0.0575,-0.0207,282,-0.0506,-0.0088,0.5899,-0.0415,0.367,0
201711,44003,kent, ri,274950,0,0.03,624,-0.0242,-0.079,53,0.1223,-0.014,210,-0.2164,-0.2045,54,-0.2286,26,266,-0.1474,0.2547,458,-0.1124,1.4492,187,-0.0026,0.0509,1510,-0.0031,-0.0161,371235,0.0043,0.0552,1082,-0.0632,0.2458,0.734,-0.0729,0.458,0
201710,44001,bristol, ri,531363,-0.025,0.1577,185,-0.0134,-0.3116,59,-0.0787,-0.2548,72,0.0588,0.3846,8,0,,80,0,0,117,-0.1306,0.879,249,-0.0135,0.0345,2229,-0.0069,0.1137,843649,-0.011,0.1036,297,-0.0647,-0.1123,0.6314,-0.0851,0.4001,0
201710,44003,kent, ri,274950,0.0183,0.0375,640,0.0183,-0.1276,47,0,-0.0784,268,-0.0822,0.0635,70,-0.3,3.375,312,-0.1522,0.1818,516,-0.0497,1.6875,188,0.0212,0.045,1515,0.002,-0.0046,369653,-0.0147,0.068,1155,-0.0052,0.2406,0.8069,-0.0578,0.5449,0
201710,44005,newport, ri,583700,-0.0022,0.1687,553,-0.0651,-0.1692,99,0.0645,-0.0571,120,-0.0625,-0.0323,12,-0.25,2,166,-0.117,0.2206,226,0.0488,0.9609,295,-0.0097,0.0454,2179,0.0252,0.1346,1100768,-0.0089,0.1984,778,-0.0232,-0.0006,0.4081,0.0444,0.2352,0
201710,44009,washington, ri,497000,0.0005,0.1057,835,-0.0554,-0.154,79,0.0979,-0.0427,208,-0.1333,-0.037,36,-0.25,3.5,238,-0.1959,0.2935,426,-0.0512,1.4205,260,0.0005,0.0728,1875,0.0268,0.0605,788933,0.0083,0.1554,1260,-0.0533,0.0788,0.5102,0.0023,0.3319,0
201710,44007,providence, ri,260950,0.004,0.0918,1484,0.0085,-0.1042,50,0.0102,-0.0481,642,-0.0614,-0.0031,154,-0.2143,3.2778,762,0.0467,0.4767,1212,-0.0327,1.9417,173,-0.0019,0.07,1524,-0.0054,0.0261,330121,0.0043,0.0763,2692,-0.003,0.3125,0.817,-0.0348,0.5682,0
201709,44007,providence, ri,259900,0.0017,0.0967,1471,0.0176,-0.1322,49,0.0889,0.0208,684,-0.1298,-0.0656,196,3.9,7.1667,728,0.3684,0.4677,1253,1.6831,1.9005,173,0.0067,0.0819,1532,-0.0023,0.0241,328697,-0.0008,0.071,2700,0.414,0.2706,0.8518,0.5287,0.5969,0
201709,44001,bristol, ri,545000,0.0018,0.185,187,-0.0788,-0.3639,64,-0.1119,-0.2087,68,-0.1053,0.0968,8,1,3,80,0.5385,-0.2308,134,0.8231,1.4364,252,-0.0048,0.0325,2244,0.0027,0.1223,853045,0.0347,0.1187,317,0.1444,-0.0812,0.7166,0.3545,0.5295,0
201709,44003,kent, ri,270000,-0.0354,0.0193,628,-0.0087,-0.1356,47,0.1899,-0.0208,292,-0.2022,-0.0641,100,3.5455,5.25,368,0.3835,0.5462,543,1.2073,1.3456,184,0.0098,0.035,1512,-0.015,-0.0122,375161,-0.02,0.0809,1161,0.3276,0.2125,0.8646,0.4763,0.546,0
201709,44005,newport, ri,585000,0,0.1723,591,-0.0051,-0.1385,93,0.0941,-0.0486,128,-0.1579,-0.0986,16,3,0.6,188,0.2051,0.2051,215,0.443,0.72,298,-0.0055,0.062,2125,0.0025,0.1137,1110662,0.0153,0.2111,796,0.0837,-0.0173,0.3638,0.1129,0.1816,0
201709,44009,washington, ri,496750,0.0124,0.1045,884,-0.0156,-0.1256,72,0.0752,-0.0833,240,-0.25,0.0619,48,3.8,3.8,296,0.3455,0.4095,449,1.1179,1.4205,259,-0.0064,0.0435,1826,-0.0056,0.0153,782443,0.0013,0.1151,1331,0.1986,0.1185,0.5079,0.2718,0.3244,0
201708,44007,providence, ri,259450,-0.0017,0.1043,1446,0.0296,-0.1432,45,0.0227,-0.0426,786,0.0342,0.1102,40,-0.2308,1.2222,532,0.2091,0.0598,467,-0.043,0.032,172,0.0034,0.0581,1536,-0.0055,0.0431,328961,-0.0064,0.0716,1910,0.0141,-0.1031,0.3231,-0.0245,0.0548,0
201708,44001,bristol, ri,544000,-0.0145,0.1599,203,-0.0856,-0.313,72,0.1172,-0.0949,76,-0.05,0.0556,4,0,,52,0,-0.1875,74,0.0208,0.47,253,0.0023,0.0235,2238,-0.021,0.1085,824462,-0.0254,0.0678,277,-0.0382,-0.1971,0.3621,0.0377,0.1929,0
201708,44005,newport, ri,585000,0.0174,0.1304,594,-0.0116,-0.1271,85,0.1409,-0.0258,152,-0.1739,-0.1163,4,-0.5,,156,0.0833,0.3,149,0.0493,0.1779,300,-0.0021,0.0297,2120,0.0172,0.0901,1093944,0.0007,0.1566,735,-0.0101,-0.0853,0.2508,0.0146,0.0649,0
201708,44009,washington, ri,490675,-0.0184,0.033,898,0.0216,-0.1431,67,0.0726,-0.1133,320,0.0256,0.2598,10,-0.375,-0.1667,220,0.1458,-0.0435,212,0.0928,0.0653,261,-0.0201,0.0381,1836,-0.0029,0.0084,781395,0.0225,0.0885,1111,0.0369,-0.1091,0.2361,0.0154,0.0462,0
201708,44003,kent, ri,279900,-0.0247,0.0371,634,0.0774,-0.1519,40,-0.0366,-0.1222,366,0.0765,0,22,-0.3125,1.2,266,0.2315,0.1667,246,-0.0611,0.0468,182,-0.0055,0.0232,1535,-0.0185,-0.0151,382801,-0.0089,0.0904,875,0.0288,-0.104,0.3883,-0.0573,0.0737,0
201707,44005,newport, ri,575000,-0.0086,0.0952,601,0.0344,-0.1252,75,-0.0197,-0.0688,184,0,0.2105,8,-0.3333,,144,0.1429,0.125,142,-0.1235,0.1545,300,-0.035,0.0318,2084,0.0039,0.072,1093161,-0.0133,0.1419,742,0.0007,-0.0828,0.2363,-0.0426,0.0572,0
201707,44007,providence, ri,259900,-0.0153,0.0834,1404,0.013,-0.1633,44,0.1579,0,760,-0.1461,0.044,52,0.04,0.8571,440,-0.0517,0.0092,488,-0.0749,0.0317,171,-0.0041,0.0512,1544,-0.0226,0.0482,331079,-0.0217,0.0797,1883,-0.0131,-0.127,0.3476,-0.033,0.0657,0
201707,44009,washington, ri,499875,0.0018,0.0733,879,0.0464,-0.17,62,0.0598,-0.1268,312,0.0263,0.2188,16,0.3333,1,192,0.1429,-0.1579,194,-0.0892,0.0211,266,0.0195,0.0677,1842,0.0153,0.0428,764207,0.051,0.0658,1071,0.0161,-0.1418,0.2207,-0.0329,0.0413,0
201707,44003,kent, ri,287000,-0.0401,0.0488,588,0.0576,-0.1799,41,0.1233,-0.18,340,-0.0395,-0.0116,32,0.3333,0.6,216,0.1868,-0.1563,262,-0.0693,0.065,183,0.0073,0.0317,1564,-0.0751,-0.0286,386236,-0.013,0.069,850,0.0059,-0.1173,0.4456,-0.0607,0.1025,0
201707,44001,bristol, ri,552000,-0.0395,0.1501,222,-0.0472,-0.25,64,0.0079,-0.0857,80,-0.1111,0.1111,4,-0.3333,,52,-0.4902,-0.35,72,-0.027,0.0909,253,-0.0035,0.026,2286,-0.0383,0.1081,845916,-0.0206,0.0711,288,-0.0573,-0.1978,0.3243,0.0067,0.1014,0
201706,44009,washington, ri,499000,,,840,,,59,,,304,,,12,,,168,,,213,,,261,,,1814,,,727091,,,1054,,,0.2536,,,
201706,44007,providence, ri,263950,,,1386,,,38,,,890,,,50,,,464,,,528,,,172,,,1580,,,338407,,,1908,,,0.3806,,,
201706,44003,kent, ri,299000,,,556,,,37,,,354,,,24,,,182,,,282,,,182,,,1691,,,391316,,,845,,,0.5063,,,
201706,44001,bristol, ri,574725,,,233,,,64,,,90,,,6,,,102,,,74,,,254,,,2377,,,863665,,,306,,,0.3176,,,
201706,44005,newport, ri,580000,,,581,,,76,,,184,,,12,,,126,,,162,,,311,,,2076,,,1107927,,,742,,,0.2788,,,
201705,44001,bristol, ri,549450,,,230,,,53,,,102,,,2,,,68,,,70,,,250,,,2262,,,854033,,,300,,,0.3022,,,
201705,44003,kent, ri,276499,,,534,,,33,,,424,,,20,,,166,,,263,,,178,,,1579,,,369771,,,795,,,0.4916,,,
201705,44007,providence, ri,259900,,,1309,,,35,,,936,,,38,,,422,,,487,,,172,,,1570,,,337860,,,1791,,,0.3722,,,
201705,44009,washington, ri,489475,,,793,,,59,,,332,,,2,,,148,,,208,,,260,,,1796,,,711836,,,1004,,,0.2617,,,
201705,44005,newport, ri,562500,,,549,,,74,,,188,,,8,,,88,,,151,,,310,,,2044,,,1109335,,,701,,,0.2744,,,
201704,44003,kent, ri,279900,,,491,,,43,,,336,,,16,,,136,,,256,,,177,,,1542,,,367295,,,736,,,0.5214,,,
201704,44005,newport, ri,549000,,,513,,,83,,,148,,,4,,,92,,,135,,,310,,,2007,,,1055612,,,652,,,0.2632,,,
201704,44001,bristol, ri,529000,,,208,,,59,,,96,,,0,,,52,,,73,,,259,,,2203,,,842729,,,283,,,0.351,,,
201704,44007,providence, ri,249900,,,1213,,,43,,,868,,,24,,,320,,,433,,,167,,,1524,,,328310,,,1629,,,0.357,,,
201704,44009,washington, ri,487000,,,738,,,69,,,284,,,8,,,124,,,169,,,255,,,1778,,,710455,,,905,,,0.229,,,
201703,44009,washington, ri,472000,,,702,,,86,,,284,,,0,,,74,,,137,,,247,,,1774,,,723793,,,838,,,0.1944,,,
201703,44001,bristol, ri,524500,,,190,,,72,,,104,,,2,,,48,,,58,,,258,,,2155,,,829348,,,247,,,0.3026,,,
201703,44003,kent, ri,258175,,,523,,,53,,,320,,,14,,,144,,,202,,,177,,,1469,,,336809,,,719,,,0.3853,,,
201703,44007,providence, ri,244450,,,1241,,,51,,,698,,,24,,,292,,,359,,,163,,,1500,,,320538,,,1593,,,0.2889,,,
201703,44005,newport, ri,533000,,,482,,,108,,,190,,,0,,,84,,,121,,,296,,,2005,,,995803,,,602,,,0.2503,,,
201702,44007,providence, ri,239900,,,1255,,,64,,,348,,,8,,,162,,,270,,,163,,,1460,,,306273,,,1526,,,0.2147,,,
201702,44003,kent, ri,245428,,,545,,,66,,,132,,,4,,,94,,,156,,,178,,,1430,,,331527,,,704,,,0.2856,,,
201702,44009,washington, ri,468625,,,700,,,111,,,106,,,4,,,32,,,99,,,249,,,1797,,,725045,,,798,,,0.1407,,,
201702,44001,bristol, ri,523750,,,184,,,102,,,28,,,0,,,18,,,37,,,248,,,2115,,,824635,,,220,,,0.2016,,,
201702,44005,newport, ri,527500,,,479,,,127,,,60,,,4,,,32,,,103,,,297,,,2001,,,954338,,,576,,,0.214,,,
201701,44001,bristol, ri,526825,,,181,,,102,,,62,,,0,,,22,,,31,,,246,,,2101,,,850739,,,210,,,0.1685,,,
201701,44003,kent, ri,249900,,,577,,,66,,,242,,,8,,,156,,,135,,,178,,,1459,,,327244,,,704,,,0.2331,,,
201701,44009,washington, ri,457870,,,702,,,106,,,194,,,6,,,82,,,89,,,247,,,1789,,,712679,,,790,,,0.1262,,,
201701,44007,providence, ri,229900,,,1272,,,68,,,534,,,12,,,284,,,252,,,163,,,1437,,,299749,,,1513,,,0.1977,,,
201701,44005,newport, ri,529475,,,492,,,123,,,106,,,2,,,54,,,78,,,298,,,1966,,,973793,,,567,,,0.1577,,,
201612,44005,newport, ri,525000,,,548,,,127,,,56,,,0,,,56,,,86,,,292,,,1929,,,971848,,,631,,,0.1569,,,
201612,44007,providence, ri,229900,,,1390,,,65,,,368,,,24,,,248,,,271,,,162,,,1457,,,302696,,,1656,,,0.195,,,
201612,44009,washington, ri,449500,,,745,,,92,,,108,,,0,,,60,,,106,,,243,,,1750,,,707069,,,851,,,0.1423,,,
201612,44001,bristol, ri,499000,,,201,,,109,,,28,,,4,,,24,,,33,,,243,,,2100,,,834304,,,233,,,0.1642,,,
201612,44003,kent, ri,259450,,,619,,,58,,,180,,,8,,,148,,,167,,,177,,,1502,,,336543,,,783,,,0.2698,,,
201611,44001,bristol, ri,488450,,,236,,,97,,,30,,,2,,,42,,,53,,,243,,,2029,,,811960,,,284,,,0.2229,,,
201611,44003,kent, ri,266950,,,678,,,54,,,264,,,2,,,212,,,187,,,178,,,1535,,,351828,,,869,,,0.276,,,
201611,44009,washington, ri,449900,,,907,,,87,,,130,,,6,,,148,,,141,,,240,,,1766,,,693113,,,1047,,,0.1555,,,
201611,44005,newport, ri,505950,,,613,,,110,,,112,,,4,,,106,,,110,,,283,,,1942,,,934235,,,718,,,0.1788,,,
201611,44007,providence, ri,234950,,,1559,,,57,,,600,,,18,,,426,,,375,,,164,,,1468,,,304755,,,1929,,,0.2406,,,
201610,44005,newport, ri,499450,,,665,,,105,,,124,,,4,,,136,,,115,,,282,,,1920,,,918567,,,778,,,0.1729,,,
201610,44001,bristol, ri,459000,,,268,,,79,,,52,,,0,,,80,,,62,,,240,,,2001,,,764422,,,334,,,0.2313,,,
201610,44007,providence, ri,239000,,,1656,,,52,,,644,,,36,,,516,,,412,,,161,,,1485,,,306708,,,2051,,,0.2488,,,
201610,44009,washington, ri,449500,,,987,,,82,,,216,,,8,,,184,,,176,,,242,,,1768,,,682850,,,1168,,,0.1783,,,
201610,44003,kent, ri,265000,,,733,,,51,,,252,,,16,,,264,,,192,,,180,,,1522,,,346131,,,931,,,0.2619,,,
201609,44009,washington, ri,449750,,,1011,,,78,,,226,,,10,,,210,,,186,,,249,,,1799,,,701687,,,1190,,,0.1835,,,
201609,44007,providence, ri,236975,,,1695,,,48,,,732,,,24,,,496,,,432,,,160,,,1496,,,306918,,,2125,,,0.2549,,,
201609,44003,kent, ri,264900,,,727,,,48,,,312,,,16,,,238,,,232,,,178,,,1531,,,347093,,,958,,,0.3187,,,
201609,44001,bristol, ri,459900,,,294,,,80,,,62,,,2,,,104,,,55,,,244,,,2000,,,762539,,,345,,,0.1871,,,
201609,44005,newport, ri,499000,,,686,,,98,,,142,,,10,,,156,,,125,,,280,,,1908,,,917053,,,810,,,0.1822,,,
201608,44001,bristol, ri,469000,,,296,,,79,,,72,,,0,,,64,,,50,,,247,,,2019,,,772105,,,345,,,0.1692,,,
201608,44009,washington, ri,475000,,,1048,,,75,,,254,,,12,,,230,,,199,,,252,,,1821,,,717868,,,1247,,,0.1899,,,
201608,44005,newport, ri,517500,,,681,,,87,,,172,,,0,,,120,,,127,,,291,,,1945,,,945790,,,803,,,0.1859,,,
201608,44003,kent, ri,269900,,,747,,,45,,,366,,,10,,,228,,,235,,,178,,,1559,,,351077,,,976,,,0.3146,,,
201608,44007,providence, ri,234950,,,1687,,,47,,,708,,,18,,,502,,,453,,,162,,,1472,,,306986,,,2129,,,0.2682,,,
201607,44007,providence, ri,239900,,,1678,,,44,,,728,,,28,,,436,,,473,,,163,,,1473,,,306648,,,2157,,,0.2819,,,
201607,44005,newport, ri,525000,,,687,,,80,,,152,,,0,,,128,,,123,,,291,,,1944,,,957350,,,809,,,0.179,,,
201607,44009,washington, ri,465740,,,1059,,,71,,,256,,,8,,,228,,,190,,,250,,,1766,,,717033,,,1248,,,0.1794,,,
201607,44003,kent, ri,273650,,,717,,,50,,,344,,,20,,,256,,,246,,,177,,,1610,,,361293,,,963,,,0.3431,,,
201607,44001,bristol, ri,479950,,,296,,,70,,,72,,,0,,,80,,,66,,,246,,,2063,,,789759,,,359,,,0.223,,,