month_date_yyyymm,cbsa_code,cbsa_title,HouseholdRank,median_listing_price,median_listing_price_mm,median_listing_price_yy,active_listing_count,active_listing_count_mm,active_listing_count_yy,median_days_on_market,median_days_on_market_mm,median_days_on_market_yy,new_listing_count,new_listing_count_mm,new_listing_count_yy,price_increased_count,price_increased_count_mm,price_increased_count_yy,price_reduced_count,price_reduced_count_mm,price_reduced_count_yy,pending_listing_count,pending_listing_count_mm,pending_listing_count_yy,median_listing_price_per_square_foot,median_listing_price_per_square_foot_mm,median_listing_price_per_square_foot_yy,median_square_feet,median_square_feet_mm,median_square_feet_yy,average_listing_price,average_listing_price_mm,average_listing_price_yy,total_listing_count,total_listing_count_mm,total_listing_count_yy,pending_ratio,pending_ratio_mm,pending_ratio_yy,quality_flag
202302,38860,Portland-South Portland, ME,97,590000,0.0089,0.109,589,-0.1029,0.3467,68,-0.0286,1.2295,370,0.0393,-0.185,18,1.25,-0.55,74,-0.3934,1.4667,140,0.0687,-0.1111,353,0.0198,0.1206,1668,-0.0094,0.02,769548,0.0459,0.0551,728,-0.0738,0.2215,0.2379,0.0382,-0.1225,1
202302,12620,Bangor, ME,268,243350,0.0585,0.2169,199,-0.1079,0.1343,119,0.1148,0.0769,78,0.1471,-0.2909,0,,-1,34,-0.1053,0.5455,45,0.0465,-0.1667,159,0.0098,0.1118,1583,0.0211,0.0504,316042,0.0445,0.1188,244,-0.0794,0.0587,0.2267,0.0334,-0.0819,0
202302,12300,Augusta-Waterville, ME,316,339725,0.0616,0.0785,126,-0.2253,0.4181,90,0.0559,0.5408,66,-0.1081,-0.0833,0,,,20,-0.5833,1,47,-0.1696,-0.1842,190,-0.0049,0.0352,1735,0.0185,0.055,417754,0.0097,0.0238,172,-0.2182,0.1821,0.3705,0.0248,-0.2735,0
202302,30340,Lewiston-Auburn, ME,356,313725,0.0459,0.0738,58,-0.2069,0.15,52,-0.189,0.7167,42,-0.2222,-0.3636,0,,,20,0.25,4,23,-0.0816,-0.1818,181,0.0051,0.0389,1731,-0.0165,-0.0346,359633,-0.0045,-0.0494,81,-0.1786,0.0321,0.3913,0.0534,-0.1587,0
202301,38860,Portland-South Portland, ME,97,584775,0.0565,0.172,656,-0.1881,0.3253,70,0.1765,0.4583,356,0.0854,-0.0918,8,-0.3333,-0.6667,122,-0.2738,2.3889,131,-0.0775,-0.3141,347,0.0279,0.1439,1684,0.0024,0.0447,735776,-0.0225,-0.0095,786,-0.1726,0.1458,0.1997,0.024,-0.1862,0
202301,12620,Bangor, ME,268,229900,-0.011,0.1524,223,-0.1376,0.2027,107,0.227,0.0264,68,-0.15,-0.1905,0,,,38,-0.1364,0.3571,43,-0.3385,-0.3768,158,0.008,0.1687,1550,0.0213,-0.0066,302589,0.0074,0.0867,265,-0.1811,0.0496,0.1933,-0.0587,-0.1797,0
202301,12300,Augusta-Waterville, ME,316,320000,-0.0588,0.0702,162,-0.2286,0.4336,85,0.0494,-0.1981,74,0.4231,-0.0263,0,,-1,48,1,3,56,-0.1515,-0.3333,191,-0.0289,0.0492,1704,-0.0084,0.0687,413728,-0.0596,0.0147,220,-0.2029,0.1111,0.3457,0.0314,-0.3977,0
202301,30340,Lewiston-Auburn, ME,356,299950,-0.0166,0,73,-0.1854,0.2083,64,0.114,0.2451,54,0.35,-0.0357,0,,,16,0,0,25,0.0652,-0.4432,180,-0.0067,0.058,1760,0.0156,0.0615,361274,-0.0126,0.029,98,-0.125,-0.0577,0.3379,0.0795,-0.3954,0
202212,38860,Portland-South Portland, ME,97,553500,0.0212,0.1221,808,-0.1468,0.3534,60,0.2396,0.0085,328,-0.3569,-0.159,12,0,-0.6,168,-0.3869,1.3333,142,-0.2507,-0.3945,337,0.0323,0.1441,1680,-0.0065,-0.0103,752688,0.0218,0.0088,950,-0.1619,0.1425,0.1757,-0.0244,-0.2171,0
202212,12620,Bangor, ME,268,232450,-0.0405,0.1624,258,-0.1541,-0.0039,87,0.3385,0.0841,80,-0.2857,-0.2157,0,,-1,44,-0.45,0.1,65,-0.1772,-0.3367,157,0.0124,0.1351,1518,-0.043,-0.0247,300355,-0.0117,0.1316,323,-0.1589,-0.0927,0.2519,-0.0071,-0.1264,0
202212,12300,Augusta-Waterville, ME,316,340000,0.0029,0.1644,210,-0.1304,0.2651,81,0.5429,-0.0182,52,-0.5094,-0.4583,0,-1,-1,24,-0.6842,-0.2941,66,-0.0435,-0.3125,196,0.0378,0.1166,1718,-0.0049,0.0744,439965,0.0119,0.1329,276,-0.1154,0.0534,0.3143,0.0286,-0.264,0
202212,30340,Lewiston-Auburn, ME,356,305000,-0.0687,0.134,89,-0.11,0.0114,57,0.2955,0.5302,40,-0.4286,-0.5122,0,,,16,-0.6364,-0.1111,23,-0.439,-0.5306,181,0.0048,0.05,1733,-0.0253,0.0937,365902,-0.0353,0.1155,112,-0.2355,-0.1825,0.2584,-0.1516,-0.2984,0
202211,38860,Portland-South Portland, ME,97,542000,-0.0128,0.1242,947,-0.0596,0.2307,48,0.1163,0.1034,510,-0.2544,-0.1556,12,0.5,-0.5385,274,-0.0867,0.7792,190,-0.2655,-0.3565,327,0.0544,0.1648,1691,-0.0479,-0.0297,736634,-0.001,0.0196,1134,-0.104,0.0673,0.2001,-0.0561,-0.1826,0
202211,12620,Bangor, ME,268,242250,-0.0271,0.1062,305,-0.0701,-0.0129,65,0.1207,-0.0972,112,-0.2432,-0.2329,0,,-1,80,-0.1667,0.2121,79,-0.092,-0.3852,155,-0.006,0.1475,1586,-0.06,-0.0523,303926,-0.0344,0.1403,384,-0.0565,-0.1203,0.259,-0.0062,-0.1568,0
202211,12300,Augusta-Waterville, ME,316,339000,-0.0231,0.1812,242,-0.0301,0.3054,53,0.3816,-0.2759,106,-0.2639,-0.0364,2,,0,76,-0.3214,1.375,69,-0.2581,-0.4926,189,-0.0097,0.0822,1727,-0.0185,0.105,434793,0.0017,0.1041,312,-0.0824,-0.0265,0.2857,-0.0878,-0.4494,0
202211,30340,Lewiston-Auburn, ME,356,327500,0.0266,0.1855,100,-0.2188,0.0204,44,0.3333,0.1812,70,-0.3,-0.3269,0,,-1,44,-0.2143,0.4667,41,-0.0682,-0.2545,181,0.0035,0.1075,1778,-0.0144,0.0812,379309,0.0421,0.156,147,-0.1483,-0.0425,0.41,0.0663,-0.1512,0
202210,38860,Portland-South Portland, ME,97,549000,0.0129,0.1806,1007,-0.0303,0.0679,43,0.1169,0.1944,684,-0.1556,-0.1231,8,-0.3333,-0.3333,300,-0.0446,0.1194,258,-0.0819,-0.2478,310,-0.0144,0.1203,1776,0.0117,0.0266,737391,-0.0084,0.0723,1265,-0.0428,-0.0163,0.2562,-0.0144,-0.1075,0
202210,12620,Bangor, ME,268,249000,0.0186,0.1323,328,-0.0238,-0.012,58,0.1262,0,148,-0.3621,-0.2128,0,-1,,96,-0.2727,-0.0769,87,-0.2018,-0.4276,156,0.0113,0.1396,1687,0.024,0.0126,314750,-0.0211,0.1937,407,-0.0781,-0.1573,0.2652,-0.0592,-0.1926,0
202210,12300,Augusta-Waterville, ME,316,347000,0.0087,0.2417,249,0.0418,0.0418,38,-0.0194,-0.2475,144,-0.3571,-0.1429,0,,-1,112,0.098,0.4,93,-0.256,-0.4114,191,0.038,0.1436,1759,0.0026,0.124,434065,0.0069,0.1811,340,-0.0634,-0.1414,0.3735,-0.1495,-0.2876,0
202210,30340,Lewiston-Auburn, ME,356,319000,0.0459,0.2152,128,-0.0154,0.0667,33,0.1478,0.1,100,-0.2958,-0.1935,0,,-1,56,0.0769,0.5556,44,-0.0435,-0.3529,180,0.0291,0.1012,1804,-0.0066,0.1054,363973,-0.0331,0.1231,172,-0.0227,-0.1088,0.3438,-0.0101,-0.2229,0
202209,38860,Portland-South Portland, ME,97,542000,-0.0145,0.2044,1039,-0.0472,-0.024,39,0.1846,0.2419,810,-0.017,-0.1615,12,-0.3333,-0.5385,314,-0.1604,0.1214,281,0.1423,-0.2913,314,0.0089,0.1366,1756,-0.0076,0.0236,743616,0.0192,0.144,1322,-0.0105,-0.0964,0.2706,0.0449,-0.1021,0
202209,12620,Bangor, ME,268,244450,0.0404,0.0633,336,-0.0575,-0.1088,52,0.2118,0.1016,232,0.0175,0.045,2,,,132,-0.1081,-0.0704,109,-0.0603,-0.3145,154,-0.0313,0.1093,1648,0.0698,0.0015,321540,0.0284,0.1769,442,-0.0626,-0.167,0.3244,-0.001,-0.0973,0
202209,12300,Augusta-Waterville, ME,316,344000,-0.0143,0.2094,239,-0.0343,-0.1261,39,0.0915,-0.0882,224,0.2174,0.2444,0,,-1,102,0.0408,0.0851,125,-0.0458,-0.3421,184,-0.0134,0.0872,1755,-0.0149,0.0986,431094,-0.0478,0.1737,363,-0.0485,-0.2219,0.523,-0.0063,-0.1717,0
202209,30340,Lewiston-Auburn, ME,356,305000,0.0522,0.0749,130,0.0156,0.04,29,0.1979,0.0268,142,-0.0139,0.0597,0,,,52,-0.037,0.1818,46,0.011,-0.3566,175,-0.0075,0.0297,1816,0.0404,0.1001,376431,-0.0042,0.1428,176,0.0057,-0.102,0.3538,-0.0016,-0.2182,0
202208,38860,Portland-South Portland, ME,97,549950,0.0001,0.1821,1090,0.0018,-0.0207,33,0.413,0.1818,824,-0.1626,-0.2197,18,0.125,0.8,374,0.2986,0.2303,246,0.1182,-0.3858,312,-0.003,0.1314,1769,-0.002,0.0126,729631,-0.0045,0.1229,1336,0.0265,-0.1153,0.2257,0.0235,-0.1342,0
202208,12620,Bangor, ME,268,234950,-0.0553,0.033,357,0.0516,-0.0531,43,0.1806,0.1486,228,-0.05,-0.1231,0,,,148,0.1212,0.1746,116,0.2211,-0.1944,159,-0.0226,0.1428,1540,-0.0247,-0.0466,312661,-0.0205,0.1415,471,0.0979,-0.1122,0.3254,0.0451,-0.0571,0
202208,12300,Augusta-Waterville, ME,316,349000,0,0.1831,248,-0.0139,-0.1113,36,0.42,0.127,184,-0.2069,-0.193,0,,,98,-0.1552,-0.1967,131,0.3232,-0.3159,186,-0.0437,0.0506,1781,0.0096,0.0913,452748,0.0003,0.2321,382,0.09,-0.1883,0.5293,0.1349,-0.1583,0
202208,30340,Lewiston-Auburn, ME,356,289875,-0.0305,0.0939,128,0.0492,-0.0078,24,0.1429,0.4328,144,-0.0769,-0.1,0,,-1,54,0.2273,0.1739,46,0.3382,-0.3053,176,0.0223,0.0473,1746,-0.0305,0.0904,378015,0.0636,0.2158,175,0.1218,-0.1049,0.3555,0.0768,-0.1523,0
202207,38860,Portland-South Portland, ME,97,549900,0.0108,0.1469,1088,0.2259,-0.0046,23,0.3529,0,984,-0.1633,-0.1307,16,0.1429,-0.3333,288,0.1429,0,220,0.0758,-0.3732,312,0.0086,0.1306,1773,-0.0023,0.0037,732893,0.0028,0.0972,1301,0.2227,-0.0997,0.2022,-0.0282,-0.1189,0
202207,12620,Bangor, ME,268,248700,-0.0032,0.0587,339,0.1078,0.0594,36,0.4694,0.0909,240,-0.2453,-0.1429,0,-1,,132,0,0.1786,95,-0.0104,-0.3357,162,-0.0018,0.1642,1579,0.0164,-0.0226,319201,0.0684,0.1154,429,0.0861,-0.0613,0.2802,-0.0335,-0.1666,0
202207,12300,Augusta-Waterville, ME,316,349000,0.0617,0.1831,251,0.4141,-0.0079,25,0.5152,-0.0385,232,-0.0413,-0.0938,0,,,116,1.1481,0.2609,99,0.2692,-0.3813,195,0.0191,0.0999,1764,0.0135,0.1025,452611,0.0203,0.2572,350,0.3514,-0.14,0.3944,-0.045,-0.238,0
202207,30340,Lewiston-Auburn, ME,356,299000,-0.0261,0.0974,122,0.2079,0.0427,21,0.5556,0.2353,156,0.0986,0.0263,0,,,44,0.4667,0.8333,34,0.0149,-0.4035,172,-0.0146,0.0843,1801,-0.0212,0.0705,355408,-0.0502,0.145,156,0.1599,-0.1086,0.2787,-0.053,-0.2085,0
202206,38860,Portland-South Portland, ME,97,544000,0.0216,0.146,888,0.2369,-0.0161,17,0.1333,0.0625,1176,0.2174,-0.0051,14,-0.125,-0.4167,252,0.8261,0.299,205,0.0354,-0.3756,310,-0.0009,0.1126,1777,0.0407,0.0236,730869,0.014,0.0656,1064,0.1628,-0.1343,0.2304,-0.0448,-0.1327,0
202206,12620,Bangor, ME,268,249500,0.0163,0.0452,306,0.363,0.1127,25,-0.1695,-0.02,318,0.272,0.252,2,0,0,132,1.2759,0.4667,96,0.1429,-0.27,163,-0.0109,0.1487,1554,-0.0054,-0.0378,298761,0.0799,0.0651,395,0.2804,-0.0307,0.3137,-0.0604,-0.1645,0
202206,12300,Augusta-Waterville, ME,316,328725,0.0314,0.0273,178,0.4431,-0.1278,17,0.5,-0.2326,242,0.1415,0.0254,0,,-1,54,0.2857,0.125,78,-0.1429,-0.376,191,0.0143,0.089,1741,0.0261,0.0411,443603,0.0042,0.1625,259,0.1991,-0.2116,0.4394,-0.3004,-0.1748,0
202206,30340,Lewiston-Auburn, ME,356,307000,-0.0766,0.1706,101,0.2785,-0.0381,14,0.4595,-0.0357,142,-0.0658,-0.0897,0,-1,,30,0.1538,0,34,0.3137,-0.2386,175,0.0081,0.0699,1840,0.0046,0.1613,374205,-0.037,0.2727,135,0.281,-0.0912,0.3317,0.0089,-0.0874,0
202205,38860,Portland-South Portland, ME,97,532500,0.0143,0.1579,718,0.2654,-0.0211,15,0.0714,-0.0625,966,0.15,0.0321,16,-0.3333,-0.6667,138,1.1563,0.38,198,0.0972,-0.287,310,-0.0125,0.1199,1707,0.0302,0,720773,-0.0055,0.0894,915,0.2483,-0.0941,0.2753,-0.0422,-0.1026,0
202205,12620,Bangor, ME,268,245500,0.0253,0.0721,225,0.2403,-0.0022,30,-0.3444,0.0536,250,0.5244,-0.0385,2,,,58,0.6111,0.0357,84,0.2727,-0.2696,165,0.0615,0.1666,1562,0.0055,-0.0658,276661,0.0127,0.0255,309,0.2748,-0.09,0.3742,0.0095,-0.1369,0
202205,12300,Augusta-Waterville, ME,316,318725,-0.004,-0.0038,123,0.23,-0.1689,11,-0.56,-0.4211,212,0.3947,0.0192,0,,,42,0.75,0.5,91,0.1098,-0.2353,189,-0.031,0.0745,1696,0.0124,0.024,441762,-0.0143,0.1256,216,0.1934,-0.197,0.7398,-0.0802,-0.0642,0
202205,30340,Lewiston-Auburn, ME,356,332450,0.1137,0.1665,79,0.254,-0.1023,9,0.3214,-0.4394,152,0.2667,0.0556,4,,0,26,5.5,1.1667,26,0.275,-0.3108,173,-0.0087,0.0423,1831,0.0206,0.0899,388576,0.0485,0.2111,105,0.25,-0.16,0.3228,0.0053,-0.0977,0
202204,38860,Portland-South Portland, ME,97,525000,0.0072,0.1695,567,0.209,-0.1257,14,-0.3778,-0.1765,840,0.4634,-0.0047,24,-0.4783,-0.4545,64,0.0323,-0.1579,180,0.0976,-0.2982,314,0.0044,0.142,1657,0.0147,-0.0124,724748,0.0135,0.112,733,0.1552,-0.1896,0.3175,-0.0322,-0.0781,0
202204,12620,Bangor, ME,268,239450,0.0645,0.0921,181,0.014,-0.0216,45,-0.4194,0.2414,164,0.1884,-0.1881,0,-1,,36,0.125,0.0588,66,0.2692,-0.4081,155,0.0489,0.2197,1554,0.0357,-0.0808,273186,-0.0289,0.0351,242,0.0409,-0.1852,0.3646,0.0733,-0.2381,0
202204,12300,Augusta-Waterville, ME,316,320000,-0.0303,0.119,100,0.0695,-0.2188,25,-0.0099,-0.0196,152,0.1692,-0.1059,0,,,24,0.2,0.0909,82,0.3016,-0.2991,195,0.0253,0.2161,1676,0.0135,-0.0242,448191,0.0073,0.1297,181,0.164,-0.2474,0.82,0.1462,-0.0941,0
202204,30340,Lewiston-Auburn, ME,356,298500,-0.1001,0.0618,63,0.3125,-0.2841,7,-0.7926,-0.5625,120,0.7143,-0.0164,0,-1,-1,4,0,-0.7143,20,-0.0476,-0.403,175,0.0049,0.0725,1794,-0.0003,0.0565,370596,-0.0649,0.2083,84,0.2263,-0.3086,0.3175,-0.12,-0.0632,0
202203,38860,Portland-South Portland, ME,97,521225,-0.0203,0.1896,469,0.0732,-0.2355,23,-0.2623,-0.1667,574,0.2643,-0.2072,46,0.15,-0.1481,62,1.0667,0.069,164,0.0413,-0.3167,313,-0.0088,0.1639,1633,-0.0015,-0.0186,715114,-0.0196,0.1746,635,0.0646,-0.2557,0.3497,-0.0107,-0.0415,0
202203,12620,Bangor, ME,268,224950,0.1249,0.0358,179,0.02,-0.0325,78,-0.2986,-0.0032,138,0.2545,-0.1882,6,0.5,0,32,0.4545,0.0667,52,-0.037,-0.4927,148,0.0312,0.1336,1500,-0.0043,-0.0625,281311,-0.0042,0.1019,233,0.0109,-0.1955,0.2913,-0.0173,-0.2642,0
202203,12300,Augusta-Waterville, ME,316,330000,0.0476,0.0645,94,0.0565,-0.255,25,-0.5665,-0.3727,130,0.8056,-0.0441,0,,,20,1,0.1111,63,0.1053,-0.3368,190,0.0363,0.2236,1653,0.0053,-0.0741,444928,0.0904,0.1705,156,0.0687,-0.29,0.6738,0.0297,-0.0832,0
202203,30340,Lewiston-Auburn, ME,356,331700,0.1353,0.1292,48,-0.04,-0.3924,34,0.125,0.1947,70,0.0606,-0.2553,2,,0,4,0,-0.3333,21,-0.2364,-0.3636,174,-0.0013,0.0573,1795,0.0008,0.0717,396297,0.0475,0.2616,69,-0.1218,-0.3884,0.4375,-0.1125,0.0198,0
202202,38860,Portland-South Portland, ME,97,532000,0.0662,0.216,437,-0.1172,-0.3047,31,-0.3646,-0.402,454,0.1582,-0.2145,40,0.6667,0.0526,30,-0.1667,-0.375,158,-0.1754,-0.334,315,0.0411,0.1775,1636,0.0146,-0.0158,729384,-0.0181,0.1686,596,-0.1312,-0.3106,0.3604,-0.0254,-0.0159,0
202202,12620,Bangor, ME,268,199975,0.0024,-0.0197,175,-0.0541,-0.1484,111,0.0625,0.1724,110,0.3095,-0.0678,4,,1,22,-0.2143,-0.3529,54,-0.2174,-0.4,143,0.0615,0.1489,1507,-0.0343,-0.0477,282487,0.0145,0.1513,230,-0.0873,-0.2203,0.3086,-0.0644,-0.1294,0
202202,12300,Augusta-Waterville, ME,316,315000,0.0535,0.033,89,-0.2168,-0.3789,58,-0.4505,-0.3964,72,-0.0526,-0.3684,0,-1,,10,-0.1667,-0.5455,57,-0.3214,-0.3838,183,0.0086,0.143,1645,0.0317,-0.07,408056,0.0008,0.0291,146,-0.2652,-0.3809,0.6441,-0.0993,-0.0051,0
202202,30340,Lewiston-Auburn, ME,356,292175,-0.0259,0.0364,50,-0.1667,-0.4012,30,-0.4118,-0.3182,66,0.1786,0,0,,-1,4,-0.75,-0.6667,28,-0.375,-0.3038,174,0.0236,0.1326,1793,0.0814,0.0785,378309,0.0775,0.2481,78,-0.25,-0.3684,0.55,-0.1833,0.0769,0
202201,38860,Portland-South Portland, ME,97,498950,0.0116,0.1379,495,-0.1709,-0.3409,48,-0.1864,-0.3425,392,0.0051,-0.2632,24,-0.2,-0.4545,36,-0.5,-0.55,191,-0.1855,-0.2654,303,0.028,0.1684,1612,-0.0504,-0.0557,742811,-0.0044,0.2129,686,-0.175,-0.3161,0.3859,-0.0069,0.0397,0
202201,12620,Bangor, ME,268,199500,-0.0024,0.0769,185,-0.2857,-0.3123,104,0.296,0.2235,84,-0.1765,-0.25,0,-1,-1,28,-0.3,-0.3,69,-0.2959,-0.1786,135,-0.021,0.1238,1560,0.0026,-0.025,278439,0.049,0.1822,252,-0.2921,-0.2717,0.373,-0.0054,0.0607,0
202201,12300,Augusta-Waterville, ME,316,299000,0.024,-0.0653,113,-0.3193,-0.3506,106,0.2848,0.1648,76,-0.2083,-0.2083,4,1,,12,-0.6471,-0.5714,84,-0.125,-0.134,182,0.0335,0.166,1594,-0.0031,-0.1075,407748,0.05,0.046,198,-0.2443,-0.2471,0.7434,0.165,0.1859,0
202201,30340,Lewiston-Auburn, ME,356,299950,0.1153,0.2243,60,-0.3182,-0.4231,51,0.3691,-0.1905,56,-0.3171,-0.1765,0,,,16,-0.1111,0,44,-0.102,0.2941,170,-0.0142,0.1336,1658,0.0464,-0.0218,351101,0.0704,0.1687,104,-0.2409,-0.2296,0.7333,0.1765,0.4064,0
202112,38860,Portland-South Portland, ME,97,493250,0.0231,0.1175,597,-0.2242,-0.3893,59,0.3563,-0.0635,390,-0.3543,-0.1772,30,0.1538,0.25,72,-0.5325,-0.4194,235,-0.2037,-0.2386,295,0.0511,0.1534,1698,-0.026,-0.0079,746101,0.0327,0.2484,832,-0.217,-0.3532,0.3928,0.0101,0.0777,0
202112,12620,Bangor, ME,268,199975,-0.0869,0.0568,259,-0.1618,-0.2018,80,0.1146,0.2442,102,-0.3014,-0.1356,8,1,,40,-0.3939,-0.2,98,-0.2374,0.0652,138,0.0234,0.1401,1556,-0.0701,-0.0329,265428,-0.0042,0.1396,356,-0.1844,-0.1453,0.3784,-0.0375,0.0949,0
202112,12300,Augusta-Waterville, ME,316,292000,0.0174,-0.0618,166,-0.1027,-0.235,83,0.1379,0.1111,96,-0.1273,0.2,2,0,,34,0.0625,0.3077,96,-0.2941,-0.2289,176,0.0059,0.1423,1599,0.0234,-0.1173,388344,-0.0139,0.0246,262,-0.1825,-0.2328,0.5783,-0.1568,0.0046,0
202112,30340,Lewiston-Auburn, ME,356,268950,-0.0264,0.1207,88,-0.102,-0.2874,37,0,-0.3739,82,-0.2115,0.1389,0,-1,,18,-0.4,-0.3077,49,-0.1091,0.0538,173,0.0599,0.1842,1585,-0.0365,-0.0626,328007,-0.0004,0.1397,137,-0.1046,-0.2149,0.5568,-0.0044,0.1803,0
202111,38860,Portland-South Portland, ME,97,482100,0.0368,0.1344,770,-0.184,-0.3536,44,0.2083,-0.0745,604,-0.2256,-0.142,26,1.1667,0.1818,154,-0.4254,-0.3889,295,-0.1414,-0.2429,280,0.0141,0.1218,1743,0.0074,0.0135,722467,0.0506,0.2231,1062,-0.1742,-0.3274,0.3827,0.019,0.056,0
202111,12620,Bangor, ME,268,219000,-0.0041,0.2173,309,-0.0693,-0.1405,72,0.2414,0.3032,146,-0.2234,-0.0519,4,,1,66,-0.3654,-0.2143,129,-0.1546,0.3526,135,-0.0128,0.1284,1673,0.0044,0.0497,266541,0.0108,0.1813,437,-0.0963,-0.049,0.4159,-0.042,0.1516,0
202111,12300,Augusta-Waterville, ME,316,287000,0.027,-0.0271,185,-0.2259,-0.2773,73,0.4356,0.2832,110,-0.3452,-0.1129,2,-0.5,,32,-0.6,-0.5,136,-0.1392,-0.1082,175,0.0465,0.1512,1563,-0.0016,-0.1569,393810,0.0716,0.0776,321,-0.1907,-0.2183,0.7351,0.074,0.1394,0
202111,30340,Lewiston-Auburn, ME,356,276250,0.0524,0.1632,98,-0.1833,-0.295,37,0.2417,-0.1534,104,-0.1613,-0.0545,4,0,,30,-0.1667,-0.2857,55,-0.1912,-0.1057,163,-0.0022,0.1607,1645,0.0077,0.0064,328134,0.0125,0.1676,153,-0.2073,-0.235,0.5612,-0.0054,0.1188,0
202110,38860,Portland-South Portland, ME,97,465000,0.0333,0.1138,943,-0.1137,-0.2957,36,0.1613,-0.027,780,-0.1925,-0.2857,12,-0.5385,-0.4,268,-0.0429,-0.1299,343,-0.1349,-0.2511,276,-0.0001,0.1096,1730,0.0087,0.009,687644,0.0579,0.1643,1286,-0.1207,-0.2832,0.3637,-0.0089,0.0217,0
202110,12620,Bangor, ME,268,219900,-0.0435,0.2569,332,-0.1194,-0.1051,58,0.2406,0.1485,188,-0.1532,-0.0962,0,,-1,104,-0.2676,0.1818,152,-0.044,0.2881,136,-0.0157,0.1977,1666,0.0128,0.0413,263683,-0.0349,0.2125,483,-0.0887,-0.0041,0.4578,0.0361,0.1398,0
202110,12300,Augusta-Waterville, ME,316,279450,-0.0176,0.0408,239,-0.1261,-0.1309,51,0.1882,0.0306,168,-0.0667,0.0244,4,0,0,80,-0.1489,0,158,-0.1684,0.0972,167,-0.0132,0.1897,1565,-0.02,-0.1586,367501,0.0006,0.0316,396,-0.1511,-0.0638,0.6611,-0.0336,0.1375,0
202110,30340,Lewiston-Auburn, ME,356,262500,-0.0749,0.1032,120,-0.04,-0.1608,30,0.0714,0,124,-0.0746,0,4,,,36,-0.1818,-0.1818,68,-0.049,-0.0811,163,-0.0377,0.1901,1632,-0.0114,-0.0198,324068,-0.0162,0.2042,193,-0.0153,-0.1187,0.5667,-0.0053,0.0492,0
202109,38860,Portland-South Portland, ME,97,450000,-0.0327,0.0607,1064,-0.044,-0.2191,31,0.1273,-0.1622,966,-0.0852,-0.1644,26,1.6,-0.4091,280,-0.0789,-0.0071,397,-0.01,-0.1748,276,0.0042,0.0946,1715,-0.0183,0.0053,649998,0.0004,0.0695,1463,-0.0311,-0.1982,0.3727,0.0128,0.02,0
202109,12620,Bangor, ME,268,229900,0.0108,0.2551,377,0.0013,-0.0504,47,0.2635,-0.1179,222,-0.1462,-0.0431,0,,-1,142,0.127,0.3396,159,0.1042,0.3361,139,-0.002,0.1899,1645,0.0184,0.0281,273210,-0.0026,0.2458,530,-0.0009,0.0331,0.4218,0.0393,0.122,0
202109,12300,Augusta-Waterville, ME,316,284450,-0.0358,0.0383,274,-0.018,0.036,43,0.3492,-0.1099,180,-0.2105,-0.0526,4,,,94,-0.2295,0.5667,190,-0.0078,0.2418,169,-0.0466,0.1831,1597,-0.0214,-0.1368,367284,-0.0004,0.0714,467,-0.0074,0.116,0.6947,0.0071,0.1152,0
202109,30340,Lewiston-Auburn, ME,356,283750,0.0708,0.1861,125,-0.031,-0.1379,28,0.6716,-0.0508,134,-0.1625,-0.0563,0,-1,,44,-0.0435,0.0476,72,0.0916,-0.0774,170,0.0094,0.222,1651,0.0312,0.0115,329407,0.0595,0.2119,196,0.0026,-0.1091,0.572,0.0642,0.0375,0
202108,38860,Portland-South Portland, ME,97,465225,-0.0297,0.0946,1113,0.0183,-0.2123,28,0.1957,-0.4149,1056,-0.0671,-0.0704,10,-0.5833,-0.7727,304,0.0556,0.1014,401,0.141,-0.104,275,-0.0037,0.1205,1747,-0.0108,0.0034,649746,-0.0272,0.0721,1510,0.0446,-0.1849,0.3598,0.0387,0.0435,0
202108,12620,Bangor, ME,268,227450,-0.0317,0.2331,377,0.1766,-0.0492,37,0.1212,-0.3729,260,-0.0714,0.1607,0,,-1,126,0.125,0.3696,144,0.007,0.3458,139,-0.0043,0.2348,1615,-0.0002,-0.002,273909,-0.0428,0.2282,531,0.1608,0.0631,0.3825,-0.0644,0.1123,0
202108,12300,Augusta-Waterville, ME,316,295000,0,0.0936,279,0.1008,0.0091,32,0.2115,-0.3762,228,-0.1094,0.1875,0,,-1,122,0.3261,0.7941,192,0.1969,0.1677,177,0.0011,0.2189,1632,0.02,-0.1226,367449,0.0207,0.1022,470,0.1548,0.0682,0.6876,0.0552,0.0934,0
202108,30340,Lewiston-Auburn, ME,356,265000,-0.0273,0.1277,129,0.1026,-0.1677,17,-0.0147,-0.3909,160,0.0526,0.1111,2,,,46,0.9167,0.0455,66,0.1491,-0.0076,168,0.0585,0.2619,1601,-0.0483,-0.0191,310906,0.0016,0.1372,196,0.1171,-0.1154,0.5078,0.0206,0.0819,0
202107,38860,Portland-South Portland, ME,97,479450,0.01,0.1217,1093,0.2118,-0.2991,23,0.4375,-0.4831,1132,-0.0423,0.0948,24,0,0.2,288,0.4845,0.0511,351,0.0718,-0.1355,276,-0.0075,0.1302,1766,0.0176,0.0074,667944,-0.0262,0.0969,1445,0.1758,-0.2603,0.3211,-0.0419,0.0608,0
202107,12620,Bangor, ME,268,234900,-0.0159,0.2234,320,0.1636,-0.2652,33,0.32,-0.4359,280,0.1024,0.1475,0,-1,-1,112,0.2444,0.3333,143,0.0875,0.3684,140,-0.0151,0.2402,1616,0.0006,-0.0253,286166,0.0202,0.2656,457,0.1215,-0.1661,0.4469,-0.0313,0.2069,0
202107,12300,Augusta-Waterville, ME,316,295000,-0.0781,0.0727,253,0.2432,-0.1943,26,0.2093,-0.4468,256,0.0847,0.1327,0,-1,,92,0.9167,0.2778,160,0.28,0.0063,177,0.009,0.2081,1600,-0.0429,-0.1111,360006,-0.0566,0.1081,407,0.239,-0.1377,0.6324,0.0182,0.126,0
202107,30340,Lewiston-Auburn, ME,356,272450,0.0389,0.1122,117,0.1143,-0.2403,17,0.2143,-0.4333,152,-0.0256,-0.1059,0,,,24,-0.2,-0.3684,57,0.2955,-0.0806,159,-0.0277,0.1698,1682,0.0619,0.0169,310404,0.0557,0.1699,175,0.1824,-0.1803,0.4872,0.0681,0.0846,0
202106,38860,Portland-South Portland, ME,97,474713,0.0322,0.144,902,0.2306,-0.4398,16,0,-0.6464,1182,0.2628,-0.015,24,-0.5,0.3333,194,0.94,-0.3446,328,0.1823,-0.104,278,0.0057,0.16,1736,0.0167,-0.0162,685899,0.0367,0.1525,1229,0.2168,-0.3776,0.3631,-0.0148,0.1361,1
202106,12620,Bangor, ME,268,238700,0.0424,0.3454,275,0.2222,-0.3902,25,-0.1071,-0.7024,254,-0.0231,-0.0451,2,,,90,0.6071,-0.2241,132,0.1435,0.2892,142,0.0045,0.2627,1615,-0.0344,-0.0051,280498,0.0398,0.2916,408,0.2021,-0.2577,0.4782,-0.0329,0.252,1
202106,12300,Augusta-Waterville, ME,316,320000,0.0002,0.2551,204,0.375,-0.3509,22,0.1316,-0.57,236,0.1346,0.0727,4,,1,48,0.7143,-0.1429,125,0.0504,-0.1909,176,0.0008,0.1946,1672,0.0092,-0.0297,381601,-0.0277,0.2713,329,0.2212,-0.3018,0.6143,-0.1898,0.1214,0
202106,30340,Lewiston-Auburn, ME,356,262250,-0.0798,0.0652,105,0.1932,-0.3248,14,-0.1515,-0.7186,156,0.0833,0.1304,0,-1,,30,1.5,0,44,0.1892,-0.3125,163,-0.0178,0.1571,1584,-0.0571,-0.0349,294014,-0.0836,0.15,148,0.184,-0.3242,0.419,-0.0014,0.0075,1
202105,38860,Portland-South Portland, ME,97,459900,0.0245,0.1082,733,0.1303,-0.5193,16,-0.0588,-0.7377,936,0.109,-0.0751,48,0.0909,0.7143,100,0.3158,-0.537,277,0.0799,-0.0673,277,0.0069,0.1584,1707,0.0174,-0.0329,661625,0.0152,0.1306,1010,0.1166,-0.4454,0.3779,-0.0176,0.1831,1
202105,12620,Bangor, ME,268,229000,0.0445,0.2729,225,0.2162,-0.5313,28,-0.2276,-0.7228,260,0.2871,0.1404,0,,-1,56,0.6471,-0.3333,115,0.0314,0.5972,141,0.1099,0.2604,1672,-0.0107,0.0277,269771,0.0221,0.2547,339,0.1414,-0.3836,0.5111,-0.0916,0.3611,1
202105,12300,Augusta-Waterville, ME,316,319950,0.1188,0.3337,148,0.1563,-0.5331,19,-0.2549,-0.7324,208,0.2235,-0.0877,0,,-1,28,0.2727,-0.3636,119,0.0171,0.0348,176,0.0968,0.2192,1657,-0.0352,-0.014,392457,-0.0108,0.3762,269,0.1185,-0.3656,0.8041,-0.11,0.4413,1
202105,30340,Lewiston-Auburn, ME,356,285000,0.0138,0.152,88,0,-0.4913,17,0.0313,-0.6887,144,0.1803,0.1613,4,1,,12,-0.1429,-0.7,37,0.1045,-0.2292,166,0.02,0.1766,1680,-0.0106,0.0235,320849,0.0461,0.273,125,0.0288,-0.4344,0.4205,0.0398,0.143,1
202104,38860,Portland-South Portland, ME,97,448898,0.0245,0.1084,649,0.057,-0.5707,17,-0.3704,-0.7167,844,0.1657,0.2597,44,-0.1852,1,76,0.3103,-0.4722,257,0.0688,0.1739,275,0.0237,0.1577,1678,0.0083,-0.0347,651749,0.0705,0.1495,905,0.061,-0.4764,0.3955,0.0043,0.2509,1
202104,12620,Bangor, ME,268,219250,0.0096,0.324,185,0.0027,-0.6383,36,-0.5338,-0.7065,202,0.1882,0.5781,0,-1,-1,34,0.1333,-0.5143,112,0.0878,1.009,127,-0.0252,0.1448,1690,0.0562,0.0622,263925,0.0338,0.2865,297,0.0277,-0.4753,0.6027,0.0471,0.4942,1
202104,12300,Augusta-Waterville, ME,316,285972,-0.0775,0.1674,128,0.0199,-0.6121,26,-0.3665,-0.7198,170,0.25,0.3077,0,,-1,22,0.2222,-0.3529,117,0.2316,0.5195,160,0.0316,0.1292,1717,-0.0384,-0.02,396737,0.0437,0.3601,241,0.0982,-0.4141,0.9141,0.1571,0.6807,1
202104,30340,Lewiston-Auburn, ME,356,281125,-0.043,0.1609,88,0.1139,-0.4746,16,-0.4336,-0.68,122,0.2979,0.4524,2,0,,14,1.3333,-0.5,34,0.0152,-0.0429,163,-0.0093,0.1286,1698,0.014,0.0156,306718,-0.0236,0.2058,122,0.0848,-0.3955,0.3807,-0.037,0.1717,1
202103,38860,Portland-South Portland, ME,97,438152,0.0015,0.0969,614,-0.0239,-0.5779,27,-0.4706,-0.568,724,0.2526,-0.1192,54,0.4211,1.4545,58,0.2083,-0.6778,240,0.0148,-0.0303,269,0.0027,0.1321,1664,0.0014,-0.0228,608812,-0.0246,0.0653,853,-0.0139,-0.4973,0.3912,0.0149,0.2209,0
202103,12620,Bangor, ME,268,217175,0.0646,0.3046,185,-0.1022,-0.6496,78,-0.1751,-0.373,170,0.4407,0.1039,6,2,0.5,30,-0.1176,-0.6591,103,0.1389,0.8142,130,0.0451,0.2058,1600,0.0114,0.0044,255297,0.0405,0.1999,289,-0.0203,-0.5068,0.5556,0.1176,0.4482,0
202103,12300,Augusta-Waterville, ME,316,310000,0.0166,0.2656,126,-0.1193,-0.6144,40,-0.5829,-0.6793,136,0.193,-0.0685,0,,-1,18,-0.1818,-0.55,95,0.027,0.2179,155,-0.032,0.1188,1786,0.0098,-0.0061,380113,-0.0413,0.2572,219,-0.0681,-0.4572,0.757,0.1078,0.5173,1
202103,30340,Lewiston-Auburn, ME,356,293750,0.042,0.203,79,-0.0539,-0.5284,28,-0.358,-0.5586,94,0.4242,-0.1607,2,0,,6,-0.5,-0.7,33,-0.1646,-0.12,165,0.0698,0.1558,1675,0.0072,0.0115,314117,0.0363,0.2081,112,-0.0931,-0.4563,0.4177,-0.0553,0.1938,0
202102,38860,Portland-South Portland, ME,97,437500,-0.0023,0.0965,629,-0.1631,-0.5511,51,-0.3014,-0.4457,578,0.0865,-0.0617,38,-0.1364,0.9,48,-0.4,-0.7209,237,-0.0904,-0.0146,268,0.033,0.1487,1662,-0.0265,-0.0185,624166,0.0191,0.1191,865,-0.1381,-0.4729,0.3763,0.0301,0.2049,0
202102,12620,Bangor, ME,268,204000,0.1012,0.2364,206,-0.2361,-0.6201,94,0.1088,-0.2275,118,0.0536,-0.0781,2,-0.5,,34,-0.15,-0.3929,90,0.0714,1.0455,125,0.0383,0.1667,1582,-0.0112,-0.0112,245362,0.0418,0.169,295,-0.1474,-0.4966,0.438,0.1257,0.3566,0
202102,12300,Augusta-Waterville, ME,316,304950,-0.0467,0.4384,143,-0.181,-0.5893,97,0.0604,-0.2025,114,0.1875,-0.0172,0,,-1,22,-0.2143,-0.3889,93,-0.0464,0.2013,160,0.0289,0.265,1768,-0.0099,0.0151,396506,0.0171,0.4468,235,-0.1065,-0.4522,0.6491,0.0917,0.4272,0
202102,30340,Lewiston-Auburn, ME,356,281900,0.1506,0.1746,84,-0.1971,-0.5201,44,-0.3016,-0.4395,66,-0.0294,-0.0294,2,,,12,-0.25,-0.5,40,0.1618,0.0128,154,0.0245,0.0914,1663,-0.0192,-0.0086,303102,0.0089,0.1869,124,-0.0852,-0.4175,0.4731,0.1461,0.2489,0
202101,38860,Portland-South Portland, ME,97,438500,-0.0066,0.1101,751,-0.2317,-0.5026,73,0.1587,-0.2316,532,0.1224,-0.0112,44,0.8333,0.375,80,-0.3548,-0.5062,260,-0.1558,0.153,259,0.0149,0.1296,1707,-0.0023,-0.0161,612446,0.0248,0.1177,1003,-0.2198,-0.4211,0.3462,0.0311,0.1969,0
202101,12620,Bangor, ME,268,185250,-0.021,0.1227,269,-0.171,-0.5235,85,0.3178,-0.299,112,-0.0508,-0.0175,4,,,40,-0.2,-0.5238,84,-0.087,0.9765,120,-0.0068,0.1604,1600,-0.0056,0,235518,0.0112,0.1226,346,-0.1693,-0.4314,0.3123,0.0288,0.237,0
202101,12300,Augusta-Waterville, ME,316,319900,0.0278,0.509,174,-0.1982,-0.5439,91,0.2256,-0.2035,96,0.2,-0.2131,0,,,28,0.0769,-0.44,97,-0.2209,0.7963,156,0.0125,0.2511,1786,-0.0141,0.0294,389834,0.0286,0.425,263,-0.2299,-0.3989,0.5575,-0.0163,0.4159,1
202101,30340,Lewiston-Auburn, ME,356,245000,0.0209,0.0889,104,-0.1579,-0.4611,63,0.0588,-0.2738,68,-0.0556,-0.1707,0,,,16,-0.3846,-0.5789,34,-0.2688,-0.1392,150,0.0298,0.1077,1695,0.0028,0.0094,300428,0.0438,0.2339,135,-0.2264,-0.4231,0.3269,-0.0496,0.1223,0
202012,38860,Portland-South Portland, ME,97,441400,0.0386,0.1444,978,-0.1789,-0.4417,63,0.3404,-0.2881,474,-0.3267,0.1791,24,0.0909,0.7143,124,-0.5079,-0.2874,308,-0.2082,0.1324,255,0.0223,0.1379,1711,-0.0049,-0.0289,597642,0.0118,0.0884,1286,-0.1859,-0.3642,0.3151,-0.0117,0.1597,0
202012,12620,Bangor, ME,268,189225,0.0518,0.1468,325,-0.0974,-0.48,65,0.1674,-0.4292,118,-0.2338,0.0727,0,-1,-1,50,-0.4048,-0.2857,92,-0.0316,0.5862,121,0.0128,0.177,1609,0.0094,-0.0141,232910,0.0322,0.1216,417,-0.0926,-0.3888,0.2835,0.0193,0.1906,0
202012,12300,Augusta-Waterville, ME,316,311250,0.0551,0.4582,217,-0.1523,-0.4994,74,0.3142,-0.2861,80,-0.3548,0.3333,0,,,26,-0.5938,-0.5806,125,-0.1836,0.6711,154,0.0137,0.2296,1812,-0.0225,0.0298,379004,0.0371,0.385,342,-0.1671,-0.3278,0.5737,-0.022,0.4019,0
202012,30340,Lewiston-Auburn, ME,356,239975,0.0104,0.0798,124,-0.1115,-0.4487,60,0.3523,-0.3352,72,-0.3455,0.0909,0,,,26,-0.381,-0.35,47,-0.2439,0.069,146,0.0389,0.1838,1690,0.0344,0.0115,287812,0.0241,0.1942,175,-0.1275,-0.3464,0.3765,-0.0659,0.1823,0
202011,38860,Portland-South Portland, ME,97,425000,0.018,0.1039,1191,-0.1109,-0.4611,47,0.2703,-0.3974,704,-0.3553,0.0539,22,0.1,0.1,252,-0.1818,-0.422,389,-0.1507,0.0401,250,0.0031,0.1312,1720,0.0029,-0.0388,590677,0.0001,0.0816,1579,-0.1198,-0.3882,0.3268,-0.0153,0.1574,0
202011,12620,Bangor, ME,268,179900,0.0283,0.0589,360,-0.031,-0.4729,55,0.0941,-0.4836,154,-0.2596,0.0694,2,-0.5,,84,-0.0455,-0.2759,95,-0.1949,0.2667,119,0.0479,0.1463,1594,-0.0038,-0.0182,225636,0.0376,0.0825,459,-0.0536,-0.3937,0.2643,-0.0538,0.1543,0
202011,12300,Augusta-Waterville, ME,316,295000,0.0987,0.347,256,-0.0691,-0.517,57,0.1531,-0.3791,124,-0.2439,0.24,0,-1,,64,-0.2,-0.1111,153,0.059,0.5404,152,0.0815,0.2045,1853,-0.0036,0.0379,365457,0.0258,0.3139,410,-0.0307,-0.3482,0.5957,0.0721,0.4089,0
202011,30340,Lewiston-Auburn, ME,356,237500,-0.0019,0.081,139,-0.028,-0.444,44,0.4667,-0.4014,110,-0.1129,0.1458,0,,,42,-0.0455,-0.3824,62,-0.1689,0.2813,140,0.023,0.1446,1634,-0.0186,-0.0472,281029,0.0442,0.1657,200,-0.0868,-0.3289,0.4424,-0.075,0.2504,0
202010,38860,Portland-South Portland, ME,97,417500,-0.0159,0.0846,1339,-0.0172,-0.4615,37,0,-0.4825,1092,-0.0554,0.2325,20,-0.5455,0.1111,308,0.0922,-0.5333,458,-0.0468,0.1393,249,-0.0135,0.1381,1715,0.005,-0.0429,590632,-0.0281,0.0979,1794,-0.0164,-0.3789,0.342,-0.0106,0.1804,0
202010,12620,Bangor, ME,268,174950,-0.0449,0.0297,371,-0.0655,-0.4921,51,-0.0472,-0.4628,208,-0.1034,0.1304,4,1,1,88,-0.1698,-0.5056,118,-0.0084,0.5629,114,-0.0221,0.0923,1600,0,0,217465,-0.0084,0.0256,485,-0.0546,-0.4001,0.3181,0.0183,0.2147,0
202010,12300,Augusta-Waterville, ME,316,268500,-0.0199,0.2157,275,0.0417,-0.5133,49,0.0262,-0.3698,164,-0.1368,0.0513,4,,,80,0.3333,-0.4366,144,-0.0588,0.2203,140,-0.0187,0.0951,1860,0.0054,0.0547,356256,0.0392,0.2604,423,0.012,-0.3807,0.5236,-0.0559,0.3148,0
202010,30340,Lewiston-Auburn, ME,356,237950,-0.0053,0.1047,143,-0.0138,-0.4674,30,0.0169,-0.4872,124,-0.1268,0,0,,-1,44,0.0476,-0.5686,74,-0.0452,0.2437,137,-0.0119,0.0976,1665,0.0202,-0.0146,269124,-0.0099,0.1258,219,-0.0045,-0.3323,0.5175,-0.017,0.2959,0
202009,38860,Portland-South Portland, ME,97,424250,-0.0018,0.0985,1363,-0.0357,-0.4658,37,-0.2128,-0.4304,1156,0.0176,0.1311,44,0,0.375,282,0.0217,-0.5925,481,0.0749,0.2088,253,0.0279,0.1483,1706,-0.0201,-0.0453,607735,0.0028,0.1302,1824,-0.0151,-0.381,0.3527,0.0363,0.1968,0
202009,12620,Bangor, ME,268,183175,-0.0069,0.0781,397,0.0025,-0.4817,53,-0.1017,-0.367,232,0.0357,-0.0169,2,-0.8333,-0.5,106,0.1522,-0.4804,119,0.1121,0.5159,117,0.0357,0.1116,1600,-0.0114,0,219300,-0.0166,0.046,513,0.0281,-0.3925,0.2997,0.0295,0.1973,0
202009,12300,Augusta-Waterville, ME,316,273950,0.0156,0.2113,264,-0.0435,-0.5464,48,-0.0545,-0.3181,190,-0.0104,0.0674,0,-1,,60,-0.1176,-0.6296,153,-0.0671,0.2593,143,-0.0177,0.1149,1850,-0.0054,0.0432,342807,0.0283,0.2115,418,-0.05,-0.4058,0.5795,-0.0147,0.3708,0
202009,30340,Lewiston-Auburn, ME,356,239225,0.018,0.1211,145,-0.0645,-0.4727,30,0.0727,-0.4381,142,-0.0139,-0.0139,0,,-1,42,-0.0455,-0.58,78,0.1742,0.3136,139,0.0423,0.1218,1632,0,-0.0259,271808,-0.0058,0.1453,220,-0.0045,-0.3413,0.5345,0.1087,0.3199,0
202008,38860,Portland-South Portland, ME,97,425000,-0.0057,0.0957,1413,-0.0939,-0.4567,47,0.0562,-0.1781,1136,0.0986,-0.0105,44,1.2,0.1,276,0.0073,-0.6034,447,0.101,0.1432,246,0.005,0.1089,1741,-0.0068,-0.0221,606061,-0.0047,0.1241,1852,-0.052,-0.3804,0.3163,0.056,0.166,0
202008,12620,Bangor, ME,268,184450,-0.0393,0.0856,396,-0.0907,-0.5123,59,0.0085,-0.1928,224,-0.082,-0.2911,12,1,2,92,0.0952,-0.6034,107,0.0239,0.3049,113,0,0.0655,1619,-0.0235,0.0116,223009,-0.0137,0.0793,499,-0.0894,-0.4418,0.2702,0.0302,0.1692,0
202008,12300,Augusta-Waterville, ME,316,269750,-0.0191,0.1521,276,-0.121,-0.5392,51,0.0745,-0.164,192,-0.1504,-0.1429,4,,,68,-0.0556,-0.6136,164,0.0314,0.3016,146,-0.0077,0.1378,1860,0.0333,0.0418,333365,0.0261,0.1742,440,-0.0678,-0.3931,0.5942,0.0878,0.3839,0
202008,30340,Lewiston-Auburn, ME,356,235000,-0.0407,0.1122,155,0.0065,-0.4404,28,-0.0833,-0.4271,144,-0.1529,-0.027,0,,-1,44,0.1579,-0.5417,66,0.0645,0.1379,133,-0.0188,0.0932,1632,-0.0133,-0.0344,273401,0.0304,0.1571,221,0.0351,-0.3403,0.4258,0.0232,0.2164,0
202007,38860,Portland-South Portland, ME,97,427450,0.0301,0.0976,1560,-0.0314,-0.3933,45,-0.0166,-0.11,1034,-0.1383,-0.2131,20,0.1111,-0.5,274,-0.0743,-0.6236,406,0.1108,0.0601,245,0.0187,0.1014,1753,-0.0062,-0.0201,608917,0.0231,0.1271,1954,-0.0106,-0.3379,0.2603,0.0333,0.1113,0
202007,12620,Bangor, ME,268,192000,0.0821,0.1301,436,-0.0344,-0.4656,59,-0.3036,-0.0488,244,-0.0827,-0.326,6,,,84,-0.2759,-0.641,105,0.0245,0.3841,112,0.0028,0.0643,1658,0.0214,0.0359,226109,0.0412,0.0901,548,-0.0018,-0.3846,0.24,0.0138,0.1473,0
202007,12300,Augusta-Waterville, ME,316,275000,0.0786,0.1474,314,0.0016,-0.4886,47,-0.06,-0.1132,226,0.0273,-0.1308,0,-1,-1,72,0.2857,-0.6,159,0.0291,0.2569,147,-0.0023,0.1494,1800,0.0447,0.0028,324882,0.0823,0.1398,472,0.0032,-0.3617,0.5064,0.0135,0.3003,0
202007,30340,Lewiston-Auburn, ME,356,244975,-0.005,0.1125,154,-0.0096,-0.4359,30,-0.397,-0.3182,170,0.2319,-0.0341,0,,-1,38,0.2667,-0.5682,62,-0.0313,0.2653,136,-0.0382,0.1258,1654,0.0078,-0.0344,265323,0.0378,0.1077,214,-0.0251,-0.337,0.4026,-0.009,0.2231,0
202006,38860,Portland-South Portland, ME,97,414950,-0.0001,0.0695,1610,0.0557,-0.3385,45,-0.2582,0.0284,1200,0.1858,-0.1573,18,-0.3571,0.125,296,0.3704,-0.5375,366,0.2306,0.0594,240,0.0043,0.089,1764,-0.0006,-0.02,595159,0.017,0.1206,1975,0.0843,-0.288,0.227,0.0323,0.0853,0
202006,12620,Bangor, ME,268,177425,-0.0138,0.0499,451,-0.0604,-0.3995,84,-0.1683,0.4737,266,0.1667,-0.2083,0,-1,,116,0.381,-0.4314,102,0.4167,0.5224,112,0.0027,0.0827,1623,-0.0026,-0.0026,217170,0.01,0.0481,549,-0.0018,-0.3205,0.2262,0.0762,0.1369,0
202006,12300,Augusta-Waterville, ME,316,254950,0.0627,0.0849,314,-0.011,-0.4557,50,-0.2958,0.087,220,-0.0351,-0.2254,2,-0.5,-0.5,56,0.2727,-0.5625,155,0.3435,0.3435,147,0.0214,0.1418,1723,0.0256,-0.0347,300166,0.0526,0.0727,471,0.1097,-0.3191,0.4928,0.13,0.2932,0
202006,30340,Lewiston-Auburn, ME,356,246200,-0.0049,0.1451,156,-0.1012,-0.3902,50,-0.0613,0.2922,138,0.1129,-0.2159,0,,,30,-0.25,-0.625,64,0.3333,0.6,141,-0.0012,0.1616,1641,-0.0002,-0.0458,255671,0.0144,0.0798,219,-0.009,-0.2576,0.4116,0.1341,0.2547,0
202005,38860,Portland-South Portland, ME,97,415000,0.0247,0.0823,1525,0.0096,-0.2813,61,0.0167,0.3407,1012,0.5104,-0.2792,28,0.2727,-0.125,216,0.5,-0.594,297,0.3593,0.0051,239,0.0063,0.0766,1765,0.0155,-0.0084,585193,0.0321,0.1122,1821,0.0541,-0.2461,0.1948,0.0501,0.0555,0
202005,12620,Bangor, ME,268,179900,0.0864,0.0903,480,-0.0616,-0.2941,101,-0.1822,0.2744,228,0.7813,-0.2919,4,0,0,84,0.2,-0.4545,72,0.2973,0.125,112,0.0081,0.0757,1627,0.0226,0.0028,215016,0.0481,0.0586,550,-0.0283,-0.2593,0.15,0.0415,0.0559,0
202005,12300,Augusta-Waterville, ME,316,239900,-0.0207,0.0274,317,-0.0394,-0.3741,71,-0.2198,0.3786,228,0.7538,-0.2645,4,1,0,44,0.2941,-0.3889,115,0.4935,0.2994,144,0.0159,0.1267,1680,-0.0411,-0.0667,285167,-0.0224,0.0303,424,0.0329,-0.2874,0.3628,0.1294,0.188,0
202005,30340,Lewiston-Auburn, ME,356,247400,0.0216,0.1926,173,0.0328,-0.154,53,0.06,0,124,0.4762,-0.2346,0,,,40,0.4286,-0.0909,48,0.3714,0.5738,141,-0.0216,0.1436,1642,-0.0182,-0.0372,252034,-0.0092,0.0974,221,0.0995,-0.0495,0.2775,0.0685,0.1283,0
202004,38860,Portland-South Portland, ME,97,405000,0.0139,0.0736,1511,0.0392,-0.219,60,-0.04,0.0256,670,-0.1849,-0.3931,22,0,-0.2667,144,-0.2,-0.5325,219,-0.1172,-0.0682,237,0.001,0.0734,1738,0.0207,-0.0148,566967,-0.0079,0.0932,1728,0.0186,-0.2028,0.1447,-0.0256,0.0234,0
202004,12620,Bangor, ME,268,165600,-0.0053,0.0002,512,-0.0285,-0.1849,124,-0.004,-0.0389,128,-0.1688,-0.4074,4,0,0,70,-0.2045,-0.375,56,-0.0177,-0.1778,111,0.0268,0.0721,1591,-0.0013,-0.0226,205152,-0.0358,0.0278,566,-0.0341,-0.1856,0.1085,0.0012,0.0009,0
202004,12300,Augusta-Waterville, ME,316,244975,0.0001,0.101,330,0.0138,-0.2343,91,-0.2749,0.1667,130,-0.1096,-0.3367,2,-0.75,-0.8333,34,-0.15,-0.575,77,-0.0128,0.1079,142,0.0221,0.1336,1752,-0.0248,-0.0267,291700,-0.0352,0.0678,411,0.0173,-0.1798,0.2333,-0.0063,0.0721,0
202004,30340,Lewiston-Auburn, ME,356,242159,-0.0083,0.2039,168,0,-0.1809,50,-0.2188,-0.3548,84,-0.25,-0.2364,0,,,28,0.4,-0.5172,35,-0.0667,0.0448,145,0.0146,0.1607,1672,0.01,-0.0081,254364,-0.0217,0.1189,201,-0.0243,-0.1555,0.209,-0.0149,0.0451,0
202003,38860,Portland-South Portland, ME,97,399450,0.0011,0.0901,1454,0.0382,-0.2535,63,-0.3207,-0.3089,822,0.3344,-0.012,22,0.1,-0.2143,180,0.0465,-0.3382,248,0.0313,0.0808,237,0.0175,0.1054,1703,0.0058,-0.0284,571487,0.0247,0.1288,1696,0.0341,-0.2199,0.1703,-0.0011,0.0527,0
202003,12620,Bangor, ME,268,166475,0.0089,0.0274,527,-0.0268,-0.1937,124,0.0164,-0.1097,154,0.2031,-0.0833,4,,,88,0.5714,0,57,0.2841,-0.0583,108,0.0112,0.0584,1593,-0.0044,-0.0123,212764,0.0137,0.0921,586,0,-0.177,0.1073,0.026,0.0154,0
202003,12300,Augusta-Waterville, ME,316,244950,0.1554,0.145,326,-0.062,-0.2718,126,0.0372,-0.0129,146,0.2586,0.1406,8,1,-0.3333,40,0.1111,-0.4118,78,0.013,0.4182,139,0.0944,0.1285,1797,0.0313,-0.0019,302345,0.1032,0.1462,404,-0.0594,-0.1946,0.2396,0.0177,0.1166,0
202003,30340,Lewiston-Auburn, ME,356,244175,0.0174,0.2513,168,-0.0374,-0.2686,64,-0.1847,-0.3871,112,0.6471,0.3333,0,,,20,-0.1667,-0.6154,38,-0.0385,0.1364,143,0.0101,0.1581,1656,-0.0128,-0.0061,260000,0.0181,0.1555,206,-0.0283,-0.2137,0.2239,-0.0003,0.0798,0
202002,38860,Portland-South Portland, ME,97,399000,0.0101,0.1163,1400,-0.0728,-0.2938,92,-0.0316,-0.1822,616,0.145,-0.1538,20,-0.375,0.25,172,0.0617,-0.3901,240,0.0643,0.0738,233,0.0159,0.1173,1693,-0.0242,-0.0276,557727,0.0179,0.127,1640,-0.0534,-0.2522,0.1714,0.0221,0.0587,0
202002,12620,Bangor, ME,268,165000,0,0.0348,541,-0.0416,-0.2114,122,0.0062,-0.1175,128,0.1228,-0.2,0,,,56,-0.3333,-0.3,44,0.0353,-0.2143,107,0.0328,0.0618,1600,0,0,209883,0.0004,0.1142,586,-0.037,-0.2097,0.0813,0.006,-0.0003,0
202002,12300,Augusta-Waterville, ME,316,212000,0,0.0124,347,-0.0904,-0.2695,121,0.0591,-0.1987,116,-0.0492,0.381,4,,,36,-0.28,-0.1818,77,0.4259,0.8118,127,0.0176,0.0457,1742,0.004,-0.0369,274066,0.0018,0.0702,429,-0.0194,-0.171,0.2219,0.0804,0.1324,0
202002,30340,Lewiston-Auburn, ME,356,240000,0.0667,0.28,174,-0.0984,-0.3321,79,-0.0951,-0.3247,68,-0.1707,-0.2093,0,,,24,-0.3684,-0.52,39,-0.0127,0.1818,141,0.0398,0.1572,1677,-0.0013,0.0333,255380,0.0488,0.1575,212,-0.094,-0.2715,0.2241,0.0195,0.0975,0
202001,38860,Portland-South Portland, ME,97,395000,0.0241,0.1303,1510,-0.1376,-0.27,95,0.0734,-0.1264,538,0.3383,-0.2065,32,1.2857,2.2,162,-0.069,-0.5,226,-0.171,0.1219,230,0.0223,0.1272,1735,-0.0153,-0.0006,547937,-0.0021,0.1414,1733,-0.1432,-0.2353,0.1493,-0.006,0.0522,0
202001,12620,Bangor, ME,268,165000,0,0.0652,565,-0.0954,-0.2066,121,0.073,-0.0453,114,0.0364,-0.2692,0,-1,-1,84,0.2,-0.087,43,-0.2672,-0.1414,104,0.0073,0.0368,1600,-0.0196,0.0087,209794,0.0103,0.1489,609,-0.1071,-0.1999,0.0753,-0.0177,0.0057,0
202001,12300,Augusta-Waterville, ME,316,212000,-0.0068,0.0291,382,-0.12,-0.2692,114,0.0986,-0.163,122,1.0333,0.0893,0,,-1,50,-0.1935,-0.0385,54,-0.2752,0.4795,125,-0.0049,0.0454,1735,-0.0136,-0.0326,273577,-0.0002,0.0777,438,-0.1388,-0.2159,0.1415,-0.0303,0.0716,0
202001,30340,Lewiston-Auburn, ME,356,225000,0.0124,0.1858,193,-0.1384,-0.2799,87,-0.0307,-0.2306,82,0.2424,0.1714,0,,,38,-0.05,-0.2083,40,-0.092,0.5192,136,0.1005,0.1324,1679,0.0049,0.0224,243486,0.0102,0.092,234,-0.1236,-0.2041,0.2047,0.0105,0.1076,0
201912,38860,Portland-South Portland, ME,97,385713,0.0019,0.1052,1751,-0.2073,-0.2824,89,0.1346,-0.0585,402,-0.3982,-0.1336,14,-0.3,2.5,174,-0.6009,-0.4423,272,-0.2727,-0.0423,225,0.0162,0.0974,1762,-0.0151,-0.0011,549103,0.0054,0.1324,2022,-0.2166,-0.2563,0.1553,-0.014,0.0389,0
201912,12620,Bangor, ME,268,165000,-0.0288,0.0476,624,-0.085,-0.1928,113,0.0561,-0.0583,110,-0.2361,-0.1667,2,,,70,-0.3966,-0.0278,58,-0.2267,-0.0938,103,-0.0136,0.0295,1632,0.0052,0.02,207664,-0.0037,0.122,682,-0.0997,-0.1858,0.0929,-0.017,0.0102,0
201912,12300,Augusta-Waterville, ME,316,213450,-0.0253,0.0673,434,-0.1821,-0.2513,104,0.1429,-0.1938,60,-0.4,-0.4444,0,,,62,-0.1389,0.4091,75,-0.2475,0.0493,125,-0.007,0.0737,1759,-0.0148,-0.0157,273642,-0.0162,0.0588,508,-0.1924,-0.2185,0.1719,-0.0149,0.0492,0
201912,30340,Lewiston-Auburn, ME,356,222250,0.0116,0.1548,224,-0.104,-0.2329,90,0.2177,-0.0272,66,-0.3125,-0.1316,0,,-1,40,-0.4118,-0.0909,44,-0.0938,0.3594,123,0.0045,0.0316,1671,-0.0257,-0.0033,241016,-0.0003,0.0696,267,-0.104,-0.1785,0.1942,0.0022,0.0846,0
201911,38860,Portland-South Portland, ME,97,385000,0.0001,0.0845,2209,-0.1116,-0.1992,78,0.0909,-0.0488,668,-0.246,-0.1187,20,0.1111,0.25,436,-0.3394,-0.2757,374,-0.0697,-0.2043,221,0.0092,0.0907,1789,-0.0013,-0.0061,546135,0.0152,0.1086,2581,-0.1065,-0.1992,0.1693,0.0076,-0.0011,0
201911,12620,Bangor, ME,268,169900,0,0.0625,682,-0.0664,-0.1958,107,0.1383,0.0781,144,-0.2174,-0.0526,0,-1,-1,116,-0.3483,-0.1212,75,-0.0066,-0.1573,104,-0.0015,0.0224,1624,0.0147,0.0147,208443,-0.017,0.095,757,-0.0637,-0.1921,0.11,0.0066,0.005,0
201911,12300,Augusta-Waterville, ME,316,219000,-0.0084,0.0213,530,-0.0619,-0.1964,91,0.1704,-0.1746,100,-0.359,-0.1379,0,,-1,72,-0.493,-0.2174,99,-0.161,0.0259,126,-0.0168,0.0603,1786,0.0125,-0.0081,278155,-0.0159,0.0541,629,-0.0791,-0.1669,0.1868,-0.0221,0.0405,0
201911,30340,Lewiston-Auburn, ME,356,219700,0.02,0.1417,250,-0.0689,-0.2459,74,0.2564,-0.0516,96,-0.2258,0.0909,0,-1,,68,-0.3333,-0.0811,48,-0.1933,-0.1579,123,-0.019,0.07,1715,0.015,0.0018,241089,0.0085,0.0899,298,-0.0915,-0.2349,0.192,-0.0296,0.0201,0
201910,38860,Portland-South Portland, ME,97,384950,-0.0032,0.094,2487,-0.0251,-0.1557,72,0.1008,-0.0654,886,-0.1331,-0.0634,18,-0.4375,-0.3571,660,-0.0462,-0.2568,402,0.0113,-0.2087,219,-0.0047,0.0807,1791,0.0024,-0.0048,537947,0.0004,0.0971,2889,-0.0197,-0.1625,0.1617,0.0058,-0.0108,0
201910,12620,Bangor, ME,268,169900,0,0.0625,731,-0.0463,-0.1811,94,0.1227,-0.0157,184,-0.2203,-0.1481,2,-0.5,-0.5,178,-0.1275,-0.1682,76,-0.0382,-0.1221,104,-0.0048,0.0325,1600,0,0,212039,0.0114,0.1089,809,-0.0426,-0.1746,0.1034,0.0009,0.0069,0
201910,12300,Augusta-Waterville, ME,316,220861,-0.0234,0.0322,565,-0.0292,-0.2244,78,0.1103,-0.2451,156,-0.1236,-0.037,0,,,142,-0.1235,-0.2111,118,-0.0288,-0.056,128,-0.0009,0.0777,1764,-0.0056,-0.0203,282661,-0.0011,0.0796,683,-0.0291,-0.2016,0.2088,0.0001,0.0373,0
201910,30340,Lewiston-Auburn, ME,356,215393,0.0094,0.1412,269,-0.0236,-0.2704,59,0.1143,-0.064,124,-0.1389,0,2,-0.5,0,102,0.02,-0.2388,60,0.0085,-0.1439,125,0.01,0.1129,1690,0.0085,-0.0096,239053,0.0073,0.0937,328,-0.018,-0.2503,0.2216,0.0071,0.0327,0
201909,38860,Portland-South Portland, ME,97,386205,-0.0043,0.0879,2551,-0.0194,-0.1632,65,0.1359,-0.0787,1022,-0.1098,-0.0431,32,-0.2,0.1429,692,-0.0057,-0.2412,398,0.0166,-0.2914,220,-0.0073,0.0798,1787,0.0037,-0.0073,537710,-0.0027,0.0901,2947,-0.0142,-0.1797,0.1559,0.0055,-0.0282,0
201909,12620,Bangor, ME,268,169900,0,0.0113,766,-0.0567,-0.1325,84,0.1455,-0.0376,236,-0.2532,0,4,0,0,204,-0.1207,-0.0377,79,-0.0427,-0.2524,105,-0.0072,0.0184,1600,0,-0.0148,209651,0.0147,0.0574,845,-0.0554,-0.1409,0.1025,0.0015,-0.0164,0
201909,12300,Augusta-Waterville, ME,316,226155,-0.0341,0.0519,582,-0.0284,-0.2372,70,0.1591,-0.2551,178,-0.2054,-0.0326,0,,,162,-0.0795,-0.2059,122,-0.0357,-0.0508,128,0.0024,0.0946,1773,-0.0068,-0.0148,282967,-0.0033,0.0786,704,-0.0297,-0.2122,0.2088,-0.0016,0.041,0
201909,30340,Lewiston-Auburn, ME,356,213377,0.0099,0.1692,275,-0.0072,-0.2686,53,0.0938,-0.0278,144,-0.027,-0.2,4,0,,100,0.0417,-0.3421,59,0.0172,-0.1061,124,0.0157,0.1189,1675,-0.0087,-0.0068,237331,0.0045,0.1272,334,-0.003,-0.2409,0.2145,0.0052,0.039,0
201908,38860,Portland-South Portland, ME,97,387882,-0.004,0.0805,2601,0.0119,-0.1228,57,0.1436,-0.1135,1148,-0.1263,-0.059,40,0,0.6667,696,-0.044,-0.2249,391,0.0209,-0.32,222,-0.0018,0.0809,1780,-0.0048,-0.0191,539163,-0.002,0.074,2989,0.013,-0.154,0.1503,0.0013,-0.0436,0
201908,12620,Bangor, ME,268,169900,0,0.0191,812,-0.0037,-0.1106,73,0.1885,-0.0806,316,-0.1271,0.0676,4,,0,232,-0.0085,-0.0866,82,0.0861,-0.2477,106,-0.0011,0.0171,1600,0,-0.0158,206617,-0.0039,0.0076,894,0.0039,-0.1218,0.101,0.0083,-0.0184,0
201908,12300,Augusta-Waterville, ME,316,234132,-0.0231,0.0785,599,-0.0244,-0.2061,60,0.1398,-0.2449,224,-0.1385,-0.1515,0,-1,-1,176,-0.0222,-0.1776,126,-0.004,-0.0382,128,0.0024,0.0786,1785,-0.0053,-0.0032,283902,-0.0039,0.0717,725,-0.0196,-0.1794,0.2104,0.0043,0.0367,0
201908,30340,Lewiston-Auburn, ME,356,211291,-0.0404,0.1124,277,0.0147,-0.1853,48,0.0909,-0.0634,148,-0.1591,-0.1957,4,1,,96,0.0909,-0.3043,58,0.1837,-0.1008,122,0.0106,0.1102,1690,-0.0133,-0.0213,236275,-0.0136,0.1048,335,0.0404,-0.1718,0.2094,0.0299,0.0197,0
201907,38860,Portland-South Portland, ME,97,389450,0.0037,0.0615,2571,0.0561,-0.0815,50,0.1364,-0.1071,1314,-0.0772,-0.0281,40,1.5,0.3333,728,0.1375,-0.0345,383,0.1101,-0.3431,222,0.0072,0.0677,1789,-0.0061,-0.0155,540263,0.0173,0.0648,2951,0.064,-0.1266,0.149,0.0073,-0.0593,0
201907,12620,Bangor, ME,268,169900,0.0053,0.0053,815,0.0852,-0.0975,62,0.0789,-0.1151,362,0.0774,0.2569,0,,,234,0.1471,-0.1069,76,0.1269,-0.1611,106,0.0201,0.0169,1600,-0.0166,-0.0225,207426,0.0011,-0.0074,891,0.1021,-0.0996,0.0926,0.0034,-0.007,0
201907,12300,Augusta-Waterville, ME,316,239675,0.0199,0.1148,614,0.066,-0.1703,53,0.1522,-0.2263,260,-0.0845,0.1504,2,-0.5,0,180,0.4063,-0.1892,127,0.1,-0.1246,128,-0.0088,0.0787,1795,0.0056,0.0011,285027,0.0186,0.0722,740,0.0702,-0.1573,0.206,0.0064,0.0108,0
201907,30340,Lewiston-Auburn, ME,356,220196,0.0242,0.144,273,0.0706,-0.0808,44,0.1429,-0.1373,176,0,-0.1287,2,,,88,0.1,-0.2414,49,0.225,-0.0841,121,-0.0077,0.0873,1713,-0.0041,0.013,239524,0.0116,0.117,322,0.0915,-0.0839,0.1795,0.0226,-0.0006,0
201906,38860,Portland-South Portland, ME,97,388000,0.0119,0.0587,2434,0.147,-0.0646,44,-0.033,-0.0638,1424,0.0142,0.0259,16,-0.5,-0.2,640,0.203,-0.1011,345,0.1675,-0.3635,220,-0.0071,0.0592,1800,0.0112,0,531085,0.0093,0.0509,2773,0.148,-0.1169,0.1417,0.0025,-0.0666,0
201906,12620,Bangor, ME,268,169000,0.0242,0.0305,751,0.1044,-0.0797,57,-0.2808,-0.2083,336,0.0435,0.0909,0,-1,-1,204,0.3247,-0.0893,67,0.0469,-0.3558,104,-0.0038,-0.0043,1627,0.0028,0.0143,207206,0.0201,0.0256,808,0.0882,-0.1236,0.0892,-0.0049,-0.0382,0
201906,12300,Augusta-Waterville, ME,316,235000,0.0064,0.0731,576,0.1372,-0.1748,46,-0.1068,-0.2069,284,-0.0839,0.0597,4,0,,128,0.7778,-0.2889,115,0.2994,-0.1727,129,0.0079,0.0671,1785,-0.0083,0.0203,279831,0.0111,0.056,691,0.1613,-0.1744,0.1997,0.0249,0.0005,0
201906,30340,Lewiston-Auburn, ME,356,215000,0.0364,0.0972,255,0.2469,-0.0761,39,-0.2736,-0.3304,176,0.0864,0,0,,,80,0.8182,-0.1304,40,0.3115,-0.3443,122,-0.0167,0.095,1720,0.0088,0.025,236783,0.031,0.1018,295,0.2688,-0.1194,0.1569,0.0077,-0.0642,0
201905,38860,Portland-South Portland, ME,97,383450,0.0164,0.051,2122,0.0972,-0.0552,46,-0.2222,-0.0619,1404,0.2717,-0.059,32,0.0667,-0.1111,532,0.7273,0.2547,296,0.2601,-0.3713,222,0.0033,0.0662,1780,0.009,-0.0089,526172,0.0146,0.0399,2416,0.1147,-0.1101,0.1393,0.018,-0.07,0
201905,12620,Bangor, ME,268,165000,-0.0035,0.0377,680,0.0837,-0.1059,79,-0.3833,-0.1975,322,0.4907,0.019,4,0,-0.5,154,0.375,-0.0128,64,-0.0519,-0.3368,104,0.0047,0.0263,1623,-0.0033,0.0141,203114,0.0176,0.0277,743,0.0683,-0.1326,0.0941,-0.0135,-0.0328,0
201905,12300,Augusta-Waterville, ME,316,233500,0.0494,0.0813,507,0.1752,-0.1459,52,-0.3397,-0.1984,310,0.5816,-0.0313,4,-0.6667,1,72,-0.1,-0.3333,89,0.2734,-0.1106,128,0.022,0.0691,1800,0,0.0381,276772,0.0132,0.0649,595,0.1888,-0.1408,0.1747,0.0135,0.0069,0
201905,30340,Lewiston-Auburn, ME,356,207450,0.0314,0.0477,205,0,-0.255,53,-0.3161,-0.2206,162,0.4727,-0.1099,0,,-1,44,-0.2414,-0.4762,31,-0.0896,-0.419,124,-0.0069,0.1101,1705,0.0114,0.0168,229666,0.0103,0.063,233,-0.0231,-0.2901,0.1491,-0.0147,-0.0421,0
201904,38860,Portland-South Portland, ME,97,377250,0.0295,0.0481,1934,-0.0067,-0.0057,59,-0.3531,0.013,1104,0.3269,-0.0738,30,0.0714,-0.2857,308,0.1324,0.0336,235,0.024,-0.4646,221,0.0309,0.0696,1764,0.0066,-0.02,518610,0.0244,0.0142,2167,-0.0032,-0.0887,0.1213,0.0036,-0.1039,0
201904,12620,Bangor, ME,268,165575,0.0218,0.1046,628,-0.0391,-0.1369,129,-0.0774,-0.1931,216,0.2857,-0.0847,4,,0,112,0.2727,-0.0667,68,0.125,-0.1818,104,0.0137,0.056,1628,0.0093,0.0306,199599,0.0246,0.0434,695,-0.0239,-0.1366,0.1076,0.0157,-0.0059,0
201904,12300,Augusta-Waterville, ME,316,222500,0.0401,0.0855,431,-0.0358,-0.1574,78,-0.3865,-0.3445,196,0.5313,-0.0667,12,0,2,80,0.1765,-0.0909,70,0.2636,-0.0795,125,0.0175,0.0573,1800,0,0.0387,273169,0.0356,0.0667,501,-0.001,-0.156,0.1613,0.0382,0.0136,0
201904,30340,Lewiston-Auburn, ME,356,201143,0.0307,0.009,205,-0.107,-0.1737,78,-0.2579,-0.2421,110,0.3095,-0.2254,0,,-1,58,0.1154,0.2609,34,0.0152,-0.3558,125,0.0123,0.1209,1686,0.012,0.0034,227332,0.0104,0.0674,238,-0.0916,-0.204,0.1638,0.0197,-0.0463,0
201903,38860,Portland-South Portland, ME,97,366429,0.0252,0.0469,1947,-0.0179,0.0634,90,-0.1962,-0.122,832,0.1429,-0.1111,28,0.75,0.1667,272,-0.0355,0.0462,229,0.0246,-0.3844,215,0.0284,0.0364,1753,0.0066,-0.0215,506275,0.023,0.0226,2174,-0.0087,-0.0105,0.1176,0.0049,-0.0856,0
201903,12620,Bangor, ME,268,162043,0.0163,0.0857,653,-0.0481,-0.0829,139,0.0075,-0.1455,168,0.05,-0.2075,0,,,88,0.1,-0.12,60,0.0714,-0.0476,102,0.0144,0.082,1613,0.008,0.0173,194815,0.0342,0.0311,712,-0.0398,-0.0777,0.0919,0.0103,0.0034,0
201903,12300,Augusta-Waterville, ME,316,213922,0.0215,0.0976,447,-0.0589,-0.1113,127,-0.158,-0.158,128,0.5238,-0.2558,12,,,68,0.5455,0.2143,55,0.2941,-0.1129,123,0.0142,0.0326,1800,-0.0048,0.0563,263780,0.0301,0.0353,501,-0.0319,-0.1211,0.123,0.0336,-0.0002,0
201903,30340,Lewiston-Auburn, ME,356,195143,0.0408,0.0271,229,-0.1209,-0.1192,104,-0.1017,-0.1936,84,-0.0233,-0.3,0,,,52,0.04,-0.1875,33,0,-0.1316,123,0.0093,0.1167,1666,0.0263,-0.0202,225003,0.0198,0.0743,262,-0.0997,-0.1088,0.1441,0.0174,-0.002,0
201902,38860,Portland-South Portland, ME,97,357425,0.0228,0.0218,1983,-0.0416,0.0842,113,0.0345,-0.0586,728,0.0737,0.1064,16,0.6,-0.3333,282,-0.1296,0.2589,224,0.1119,-0.3568,209,0.0249,0.0346,1741,0.0029,-0.0283,494899,0.0309,0.0166,2193,-0.032,0.0108,0.1127,0.0156,-0.0773,0
201902,12620,Bangor, ME,268,159450,0.0294,0.1008,686,-0.0358,-0.0505,138,0.0886,-0.1647,160,0.0256,0.1765,0,-1,,80,-0.1304,0.0256,56,0.1313,0.12,101,0.0085,0.0675,1600,0.0087,0.0084,188379,0.0316,0.0305,742,-0.025,-0.0389,0.0816,0.0121,0.0124,0
201902,12300,Augusta-Waterville, ME,316,209410,0.0166,0.164,475,-0.09,-0.0865,151,0.1062,0.0272,84,-0.25,-0.1923,0,-1,,44,-0.1538,-0.2143,43,0.1644,-0.213,121,0.0173,0.063,1809,0.0085,0.075,256077,0.0087,0.0395,518,-0.0726,-0.0953,0.0895,0.0196,-0.0144,0
201902,30340,Lewiston-Auburn, ME,356,187500,-0.0119,-0.0116,261,-0.028,-0.0076,116,0.031,-0.0549,86,0.2286,0.1622,0,,-1,50,0.0417,0.1364,33,0.2692,0.1186,122,0.0176,0.093,1623,-0.0119,-0.0229,220624,-0.0105,0.0642,291,-0.0102,-0.0085,0.1267,0.0297,0.0143,0
201901,38860,Portland-South Portland, ME,97,349450,0.0013,0.0203,2069,-0.1523,0.0513,109,0.1569,-0.0225,678,0.4612,0.173,10,1.5,-0.6429,324,0.0385,0.2462,201,-0.2923,-0.3787,204,-0.0047,0.0293,1736,-0.0159,-0.0356,480071,-0.01,-0.0103,2266,-0.1668,-0.0092,0.0972,-0.0192,-0.0672,0
201901,12620,Bangor, ME,268,154900,-0.0165,0.0466,712,-0.0796,-0.0982,127,0.0583,-0.1477,156,0.1818,0.5,4,,,92,0.2778,-0.1154,50,-0.2266,0.1124,100,0.0003,0.0697,1586,-0.0086,-0.0006,182611,-0.0134,0.0079,761,-0.0914,-0.0881,0.0696,-0.0132,0.0132,0
201901,12300,Augusta-Waterville, ME,316,206000,0.03,0.148,522,-0.0984,-0.0578,137,0.0581,-0.0073,112,0.037,0.2444,2,,0,52,0.1818,-0.0714,37,-0.4859,-0.2913,119,0.022,0.0735,1794,0.0036,0.0687,253859,-0.0178,0.0593,558,-0.1415,-0.0762,0.0699,-0.0527,-0.023,0
201901,30340,Lewiston-Auburn, ME,356,189750,-0.014,-0.0008,268,-0.0822,-0.0853,113,0.2255,-0.0363,70,-0.0789,0.0294,0,-1,-1,48,0.0909,0.0435,26,-0.1875,-0.2676,120,0.0025,0.0847,1643,-0.0203,-0.0129,222963,-0.0105,0.0923,294,-0.0954,-0.1037,0.097,-0.0126,-0.0241,0
201812,38860,Portland-South Portland, ME,97,349000,-0.0169,0.0266,2440,-0.1155,0.0567,94,0.1463,-0.06,464,-0.3879,0.0357,4,-0.75,-0.8,312,-0.4817,0.2581,284,-0.3957,-0.3302,205,0.01,0.04,1764,-0.02,-0.026,484897,-0.0157,-0.0065,2719,-0.1564,-0.004,0.1164,-0.054,-0.0672,0
201812,12620,Bangor, ME,268,157500,-0.015,0.0535,773,-0.0884,-0.0938,120,0.2091,-0.084,132,-0.1316,0.2222,0,-1,,72,-0.4545,-0.1,64,-0.2809,0.2308,100,-0.0204,0.0579,1600,0,0,185087,-0.0277,-0.0104,837,-0.1067,-0.0741,0.0828,-0.0222,0.0218,0
201812,12300,Augusta-Waterville, ME,316,200000,-0.0673,0.0811,579,-0.1221,-0.1133,129,0.1701,-0.0077,108,-0.069,0.0385,0,-1,,44,-0.5217,0,71,-0.2642,0.1833,117,-0.0195,0.0506,1787,-0.0072,0.0637,258452,-0.0206,0.0956,650,-0.1391,-0.0845,0.1226,-0.0237,0.0307,0
201812,30340,Lewiston-Auburn, ME,356,192450,0.0001,-0.0103,292,-0.1192,-0.1125,92,0.1871,-0.1749,76,-0.1364,0.0556,4,,,44,-0.4054,0,32,-0.4386,-0.3333,120,0.0419,0.1128,1677,-0.0207,-0.0056,225335,0.0187,0.0807,325,-0.1656,-0.1356,0.1096,-0.0624,-0.0363,0
201811,38860,Portland-South Portland, ME,97,354999,0.0089,0.0458,2759,-0.0633,0.0093,82,0.0719,-0.0629,758,-0.1987,0.105,16,-0.4286,-0.6364,602,-0.3221,0.2863,470,-0.0748,-0.0784,203,-0.0001,0.0491,1800,0,-0.0044,492641,0.0047,0.0134,3223,-0.0655,-0.0052,0.1704,-0.0021,-0.0162,0
201811,12620,Bangor, ME,268,159900,0,0.0667,848,-0.0493,-0.0773,99,0.0393,-0.1462,152,-0.2963,0.0857,2,-0.5,0,132,-0.3832,-0.1538,89,0.0349,0.4958,102,0.0084,0.0685,1600,0,0.0057,190366,-0.0044,0.0034,937,-0.0434,-0.0409,0.105,0.0085,0.0402,0
201811,12300,Augusta-Waterville, ME,316,214425,0.0021,0.1318,660,-0.0947,-0.0897,110,0.0704,-0.0696,116,-0.284,-0.0794,2,,-0.5,92,-0.4889,0.0222,97,-0.228,0.2063,119,-0.0006,0.0693,1800,0,0.0563,263882,0.0079,0.1192,755,-0.1175,-0.0644,0.1463,-0.0253,0.0359,0
201811,30340,Lewiston-Auburn, ME,356,192425,0.0195,0.0146,332,-0.0992,-0.1065,78,0.24,-0.1243,88,-0.2903,-0.102,0,-1,-1,74,-0.4478,-0.1395,57,-0.1799,-0.0579,115,0.0203,0.0707,1712,0.0035,0.0071,221202,0.012,0.0666,390,-0.1097,-0.0952,0.1719,-0.0169,0.0089,0
201810,38860,Portland-South Portland, ME,97,351875,-0.0088,0.0351,2945,-0.0338,-0.0152,77,0.0851,-0.0613,946,-0.1142,-0.0973,28,0,-0.4615,888,-0.0263,0.1935,508,-0.0945,-0.1158,203,-0.0055,0.0497,1800,0,-0.0132,490332,-0.0059,0.0001,3449,-0.0398,-0.0309,0.1725,-0.0116,-0.0196,0
201810,12620,Bangor, ME,268,159900,-0.0482,0.0323,892,0.0102,-0.1067,96,0.0977,-0.0926,216,-0.0847,0.0385,4,0,1,214,0.0094,0,86,-0.181,0.303,101,-0.0184,0.0586,1600,-0.0148,-0.0157,191212,-0.0356,-0.0068,980,-0.0036,-0.079,0.0964,-0.0225,0.0303,0
201810,12300,Augusta-Waterville, ME,316,213975,-0.0048,0.128,729,-0.0452,-0.0642,103,0.0957,-0.0283,162,-0.1196,0.1096,0,,-1,180,-0.1176,0.0588,125,-0.0234,0.2376,119,0.0148,0.0782,1800,0,0.0588,261808,-0.0021,0.1078,856,-0.042,-0.0256,0.1716,0.0038,0.0418,0
201810,30340,Lewiston-Auburn, ME,356,188750,0.0342,0.0067,368,-0.0213,-0.073,63,0.1574,-0.1961,124,-0.3111,-0.1389,2,,-0.5,134,-0.1184,-0.0946,70,0.053,0.1983,112,0.0154,0.041,1706,0.0113,0.0168,218570,0.0381,0.0533,438,-0.0057,-0.0363,0.1889,0.0133,0.0428,0
201809,38860,Portland-South Portland, ME,97,355000,-0.0111,0.032,3048,0.028,-0.0315,71,0.093,-0.0962,1068,-0.1246,-0.0697,28,0.1667,0.1667,912,0.0156,0.0755,561,-0.0243,-0.0556,204,-0.0063,0.0532,1800,-0.0083,-0.0132,493262,-0.0175,0.0015,3592,0.0167,-0.0442,0.1841,-0.0099,-0.0047,0
201809,12620,Bangor, ME,268,168000,0.0077,0.0846,883,-0.0329,-0.13,87,0.0943,-0.0645,236,-0.2027,-0.0484,4,0,,212,-0.1654,-0.0862,105,-0.0367,0.3125,103,-0.0084,0.0817,1624,-0.0011,-0.0187,198264,-0.0331,0.0349,983,-0.0344,-0.1072,0.1189,-0.0005,0.0401,0
201809,12300,Augusta-Waterville, ME,316,214998,-0.0097,0.1376,763,0.0113,-0.1055,94,0.175,-0.0208,184,-0.303,0.0455,0,-1,-1,204,-0.0467,0,128,-0.0229,0.0492,117,-0.0122,0.08,1800,0.0049,0.0588,262348,-0.0097,0.1238,893,0.0108,-0.0841,0.1678,-0.0059,0.0247,0
201809,30340,Lewiston-Auburn, ME,356,182500,-0.0392,0.0003,376,0.1059,-0.0829,54,0.0537,-0.3165,180,-0.0217,0.1538,0,,-1,152,0.1014,0.1176,66,0.0233,0.2941,111,0.0077,0.0091,1687,-0.0232,0.012,210544,-0.0155,0.0168,440,0.0878,-0.0456,0.1755,-0.0142,0.0511,0
201808,38860,Portland-South Portland, ME,97,359000,-0.0215,0.0323,2965,0.0595,-0.0713,65,0.1518,-0.0652,1220,-0.0976,0.0066,24,-0.2,-0.4,898,0.191,0.0298,575,-0.0137,-0.0204,205,-0.014,0.0435,1815,-0.0012,0.0039,502038,-0.0106,0.0184,3533,0.0459,-0.0627,0.1939,-0.0144,0.0101,0
201808,12620,Bangor, ME,268,166722,-0.0135,0.0933,913,0.0111,-0.1014,80,0.1439,-0.0756,296,0.0278,0.1045,4,,,254,-0.0305,0,109,0.2111,0.2044,104,-0.0013,0.0874,1626,-0.0067,-0.0093,205057,-0.0188,0.091,1018,0.0293,-0.0791,0.1194,0.0197,0.0303,0
201808,12300,Augusta-Waterville, ME,316,217100,0.0098,0.1446,755,0.0196,-0.1347,80,0.1679,0,264,0.1681,0.082,4,1,-0.3333,214,-0.036,-0.0855,131,-0.0934,0.0275,119,0.0024,0.0807,1791,-0.001,0.0503,264905,-0.0035,0.1292,884,0.0068,-0.1183,0.1736,-0.0216,0.0274,0
201808,30340,Lewiston-Auburn, ME,356,189950,-0.0131,0.0001,340,0.1448,-0.1489,51,0.0049,-0.3121,184,-0.0891,0.0952,0,,-1,138,0.1897,0.1129,65,0.2056,-0.0851,110,-0.0102,-0.0037,1727,0.0213,0.0346,213861,-0.0027,0.0308,405,0.1508,-0.1412,0.1897,0.0096,0.0132,0
201807,38860,Portland-South Portland, ME,97,366900,0.0011,0.0486,2799,0.0755,-0.0996,56,0.1915,-0.0667,1352,-0.0259,0.1118,30,0.5,0.5,754,0.059,-0.0938,583,0.0756,0.0139,208,-0.0008,0.0486,1817,0.0096,0.0018,507395,0.004,0.025,3378,0.0758,-0.0821,0.2083,0,0.0233,0
201807,12620,Bangor, ME,268,169000,0.0305,0.0629,903,0.1066,-0.1103,70,-0.0347,-0.1524,288,-0.0649,-0.04,0,-1,,262,0.1696,0.213,90,-0.1346,-0.011,104,-0.0012,0.0773,1637,0.0204,-0.0062,208976,0.0344,0.1016,989,0.0727,-0.1066,0.0997,-0.0278,0.01,0
201807,12300,Augusta-Waterville, ME,316,215000,-0.0183,0.1031,740,0.0602,-0.1084,69,0.181,-0.0616,226,-0.1567,-0.1308,2,,-0.5,222,0.2333,0.0882,145,0.0396,0.1031,118,-0.0195,0.0685,1793,0.0249,0.0364,265841,0.0032,0.103,878,0.0484,-0.0773,0.1953,-0.0039,0.0374,0
201807,30340,Lewiston-Auburn, ME,356,192475,-0.0177,0.0696,297,0.0761,-0.2519,51,-0.113,-0.2273,202,0.1477,0.2317,0,,-1,116,0.2609,0,54,-0.123,-0.1894,111,-0.0008,0.0193,1691,0.0077,0.0248,214443,-0.0022,0.0323,352,0.0493,-0.2392,0.1801,-0.0409,0.0139,0
201806,38860,Portland-South Portland, ME,97,366500,0.0045,0.0476,2602,0.1585,-0.1274,47,-0.0309,-0.1296,1388,-0.0697,-0.028,20,-0.4444,-0.0909,712,0.6792,0.0627,542,0.1532,0.0494,208,-0.0006,0.058,1800,0.0022,-0.0066,505380,-0.0012,0.0382,3140,0.1568,-0.1014,0.2083,-0.001,0.0351,0
201806,12620,Bangor, ME,268,164000,0.0314,0.0256,816,0.073,-0.1728,72,-0.2709,-0.1795,308,-0.0253,-0.0375,4,-0.5,-0.3333,224,0.4359,0.1667,104,0.0777,0.1556,104,0.0269,0.0787,1604,0.0025,-0.0217,202033,0.0222,0.0449,922,0.0771,-0.1443,0.1275,0.0006,0.0362,0
201806,12300,Augusta-Waterville, ME,316,219000,0.0141,0.1268,698,0.1771,-0.1176,58,-0.0973,-0.0333,268,-0.1625,-0.0822,0,-1,-1,180,0.6667,-0.0426,139,0.397,0.0036,121,0.0097,0.0961,1750,0.0089,0.0173,264993,0.0196,0.1039,837,0.2087,-0.1034,0.1991,0.0313,0.024,0
201806,30340,Lewiston-Auburn, ME,356,195950,-0.0104,0.0919,276,0.0055,-0.2803,58,-0.1544,-0.08,176,-0.033,-0.0638,0,-1,,92,0.0952,-0.2069,61,0.1619,-0.0394,111,-0.003,0.0032,1678,0.0007,0.0246,214913,-0.0052,0.0284,335,0.0229,-0.2472,0.221,0.0298,0.0554,0
201805,38860,Portland-South Portland, ME,97,364850,0.0137,0.0427,2246,0.1548,-0.1507,49,-0.1602,-0.2082,1492,0.2517,-0.046,36,-0.1429,0.6364,424,0.4228,-0.1382,470,0.0731,0.0129,208,0.0066,0.0546,1796,-0.0022,-0.0029,505992,-0.0105,0.0392,2715,0.1415,-0.1258,0.2093,-0.0159,0.0338,0
201805,12620,Bangor, ME,268,159000,0.0607,-0.0056,761,0.0461,-0.1814,99,-0.3799,-0.0125,316,0.339,-0.092,8,1,3,156,0.3,-0.1522,97,0.1697,0.3497,101,0.0337,0.038,1600,0.013,-0.0125,197646,0.0332,0.0221,856,0.0634,-0.1431,0.1269,0.0134,0.0499,0
201805,12300,Augusta-Waterville, ME,316,215950,0.0535,0.1399,593,0.1593,-0.1461,64,-0.4601,-0.1969,320,0.5238,0.039,2,-0.5,-0.5,108,0.2273,-0.3793,100,0.3179,-0.2072,120,0.0107,0.1285,1734,0.0006,0.02,259893,0.0148,0.101,693,0.1678,-0.1519,0.1678,0.0202,-0.0129,0
201805,30340,Lewiston-Auburn, ME,356,198000,-0.0068,0.1253,275,0.1091,-0.2364,68,-0.335,-0.1631,182,0.2817,-0.0619,2,0,,84,0.8261,0.1351,53,0.0096,0.25,111,0.0027,0.0119,1677,-0.0019,0.0389,216047,0.0144,0.0395,328,0.0953,-0.1843,0.1913,-0.0188,0.0744,0
201804,38860,Portland-South Portland, ME,97,359925,0.0284,0.0381,1945,0.0623,-0.1748,58,-0.4393,-0.269,1192,0.2735,0.0171,42,0.75,-0.0455,298,0.1462,-0.1024,438,0.1774,0.0735,207,-0.0011,0.058,1800,0.005,0,511348,0.0329,0.045,2378,0.0824,-0.1387,0.2252,0.022,0.0521,0
201804,12620,Bangor, ME,268,149900,0.0044,-0.0569,727,0.0211,-0.1634,159,-0.023,0.0617,236,0.1132,0,4,,0,120,0.2,-0.0625,83,0.3095,0.5865,98,0.0387,0.0154,1580,-0.0038,-0.0328,191298,0.0125,-0.0232,805,0.0427,-0.126,0.1135,0.025,0.0536,0
201804,12300,Augusta-Waterville, ME,316,204975,0.0517,0.1388,512,0.0169,-0.2057,119,-0.2119,-0.125,210,0.2209,-0.2391,4,,0,88,0.5714,0.0476,76,0.2177,-0.2053,118,-0.0063,0.1485,1733,0.017,0.0261,256095,0.0052,0.1482,593,0.0404,-0.1899,0.1476,0.0243,0.0001,0
201804,30340,Lewiston-Auburn, ME,356,199350,0.0492,0.0999,248,-0.0481,-0.2678,102,-0.2104,0.2173,142,0.1833,-0.0139,2,,,46,-0.2813,-0.3611,52,0.3684,0.5758,111,0.0085,0.002,1680,-0.0118,0.0435,212980,0.0169,0.0455,299,0.017,-0.1962,0.2101,0.0639,0.1125,0
201803,38860,Portland-South Portland, ME,97,350000,0.0006,0.0297,1831,0.0014,-0.1817,103,-0.1381,-0.1197,936,0.4225,-0.025,24,0,-0.5556,260,0.1607,-0.0845,372,0.0705,-0.051,207,0.0266,0.0541,1791,-0.0004,0.0001,495079,0.0169,0.046,2197,0.0127,-0.1635,0.2032,0.0131,0.028,0
201803,12620,Bangor, ME,268,149250,0.0304,-0.0181,712,-0.0145,-0.1844,163,-0.0151,0.0795,212,0.5588,0.06,0,,-1,100,0.2821,-0.1525,63,0.26,0.125,94,0.0008,-0.0105,1586,-0.0008,-0.0255,188936,0.0335,-0.012,772,0.0006,-0.1677,0.0885,0.0193,0.0243,0
201803,12300,Augusta-Waterville, ME,316,194900,0.0834,0.1345,503,-0.0327,-0.2022,151,0.0272,-0.0679,172,0.6538,0.3438,0,,-1,56,0,-0.2821,62,0.1481,-0.1678,119,0.0441,0.1974,1704,0.0128,0.033,254778,0.0343,0.1982,570,-0.0035,-0.1892,0.1233,0.0194,0.0051,0
201803,30340,Lewiston-Auburn, ME,356,190000,0.0016,0.0857,260,-0.0095,-0.2666,130,0.0528,0.2019,120,0.6216,0.2,0,-1,-1,64,0.4545,-0.0303,38,0.2881,0.52,110,-0.0121,-0.0005,1700,0.0235,0.0877,209444,0.0103,0.0622,294,0.0017,-0.2253,0.1462,0.0338,0.0756,0
201802,38860,Portland-South Portland, ME,97,349800,0.0213,0.059,1829,-0.0706,-0.1913,120,0.0742,-0.0497,658,0.1384,0.0752,24,-0.1429,-0.6923,224,-0.1385,-0.0588,348,0.0742,-0.0361,202,0.0196,0.045,1792,-0.0046,0.0134,486831,0.0037,0.0569,2170,-0.0512,-0.1716,0.19,0.0256,0.0306,0
201802,12620,Bangor, ME,268,144850,-0.0213,-0.0329,723,-0.0843,-0.178,166,0.1107,0.066,136,0.3077,-0.1053,0,,-1,78,-0.25,-0.093,50,0.1236,-0.1525,94,0.0106,0.0088,1587,-0.0003,-0.0292,182807,0.009,-0.0288,772,-0.0749,-0.1757,0.0692,0.0128,0.0021,0
201802,12300,Augusta-Waterville, ME,316,179900,0.0025,0.0789,520,-0.0614,-0.218,147,0.0691,-0.0516,104,0.1556,-0.0877,0,-1,,56,0,-0.2821,54,0.0485,-0.0442,114,0.0273,0.1554,1683,0.0025,0.0265,246339,0.0279,0.1746,572,-0.053,-0.2061,0.1038,0.0109,0.0189,0
201802,30340,Lewiston-Auburn, ME,356,189700,-0.0011,0.0849,263,-0.1041,-0.2616,123,0.0513,-0.0502,74,0.0882,-0.1591,4,1,0,44,-0.0435,0.1,30,-0.169,0.5128,112,0.0098,0.0619,1661,-0.0018,0.0491,207312,0.0156,0.0535,294,-0.1052,-0.2184,0.1124,-0.0088,0.0575,0
201801,38860,Portland-South Portland, ME,97,342500,0.0075,0.0538,1968,-0.1479,-0.1693,111,0.1125,-0.0844,578,0.2902,-0.0069,28,0.4,0.0769,260,0.0484,0.0484,324,-0.237,0.0094,198,0.0056,0.044,1800,-0.0061,0.0251,485060,-0.0061,0.0793,2287,-0.1625,-0.1489,0.1644,-0.0192,0.0291,0
201801,12620,Bangor, ME,268,148000,-0.01,-0.0067,789,-0.075,-0.1009,149,0.1374,-0.0599,104,-0.037,-0.2353,0,,-1,104,0.3,0.1818,45,-0.1442,-0.1442,93,-0.0107,0.0217,1587,-0.008,-0.0304,181180,-0.0313,-0.0323,834,-0.0774,-0.1003,0.0564,-0.0046,-0.0029,0
201801,12300,Augusta-Waterville, ME,316,179450,-0.03,0.0977,554,-0.1516,-0.1954,138,0.0577,-0.0614,90,-0.1346,-0.2742,2,,-0.5,56,0.2727,-0.2821,52,-0.1417,0.2561,111,0.0003,0.1208,1678,-0.001,0.0356,239658,0.0159,0.1506,604,-0.1493,-0.1737,0.093,0.0011,0.0334,0
201801,30340,Lewiston-Auburn, ME,356,189900,-0.0234,0.1025,293,-0.1094,-0.1793,117,0.0493,-0.146,68,-0.0556,-0.0811,2,,,46,0.0455,-0.2333,36,-0.2604,0.6905,110,0.0285,0.0982,1664,-0.013,0.0384,204124,-0.021,0.0621,328,-0.1277,-0.1288,0.1212,-0.0247,0.0623,0
201712,38860,Portland-South Portland, ME,97,339949,0.0015,0.046,2309,-0.1551,-0.1477,100,0.1429,-0.115,448,-0.3469,0.0275,20,-0.5455,0.25,248,-0.4701,0.1923,424,-0.1686,0.1337,197,0.0189,0.0525,1811,0.0017,0.0163,488055,0.0039,0.0735,2730,-0.1574,-0.1131,0.1836,-0.003,0.0456,0
201712,12620,Bangor, ME,268,149500,-0.0027,0.0317,853,-0.0718,-0.1002,131,0.1269,-0.0966,108,-0.2286,-0.1,0,-1,-1,80,-0.4872,0,52,-0.1261,0.2381,94,-0.0106,0.0372,1600,0.0057,-0.0123,187038,-0.0142,0.0026,904,-0.0747,-0.0878,0.061,-0.0038,0.0167,0
201712,12300,Augusta-Waterville, ME,316,185000,-0.0235,0.0979,653,-0.0987,-0.1316,130,0.097,-0.0545,104,-0.1746,0.2381,0,-1,,44,-0.5111,0,60,-0.25,0.0345,111,-0.002,0.0997,1680,-0.0141,0.0231,235899,0.0005,0.0836,710,-0.1202,-0.1235,0.0919,-0.0185,0.0148,0
201712,30340,Lewiston-Auburn, ME,356,194450,0.0253,0.1785,329,-0.1132,-0.106,112,0.2599,-0.1489,72,-0.2653,0.0588,0,-1,,44,-0.4884,-0.2143,48,-0.2066,0.7778,107,0.0025,0.0918,1686,-0.0082,0.0631,208508,0.0054,0.1076,376,-0.1266,-0.0576,0.1459,-0.0172,0.0725,0
201711,38860,Portland-South Portland, ME,97,339450,-0.0015,0.0338,2733,-0.0861,-0.1435,88,0.0736,-0.1422,686,-0.3454,0.0786,44,-0.1538,3.4,468,-0.371,-0.037,510,-0.1123,0.1644,193,0.0004,0.0393,1808,-0.0088,0.0044,486146,-0.0084,0.0703,3240,-0.0896,-0.1072,0.1866,-0.0055,0.0493,0
201711,12620,Bangor, ME,268,149900,-0.0323,0.0345,919,-0.0796,-0.0828,116,0.1045,-0.1193,140,-0.3269,-0.125,2,0,-0.6667,156,-0.271,0.2381,60,-0.0985,0.2796,95,-0.001,0.0444,1591,-0.0212,-0.0161,189726,-0.0146,0.0096,977,-0.0813,-0.0686,0.0647,-0.0014,0.0183,0
201711,12300,Augusta-Waterville, ME,316,189450,-0.0013,0.1151,725,-0.0694,-0.1706,119,0.1179,-0.076,126,-0.137,0.1667,4,1,,90,-0.4706,-0.2241,80,-0.2079,-0.0123,111,0.0078,0.091,1704,0.0024,0.0188,235778,-0.0024,0.0695,807,-0.0809,-0.1554,0.1104,-0.0193,0.0177,0
201711,30340,Lewiston-Auburn, ME,356,189650,0.0115,0.1195,371,-0.0655,-0.0805,89,0.1383,-0.1955,98,-0.3194,0.0208,2,-0.5,0,86,-0.4189,0.0488,61,0.0431,0.7042,107,-0.0081,0.0554,1700,0.0133,0.0417,207382,-0.0006,0.078,431,-0.0518,-0.026,0.1631,0.017,0.0751,0
201710,38860,Portland-South Portland, ME,97,339950,-0.0118,0.046,2991,-0.0497,-0.1626,82,0.0449,-0.1421,1048,-0.0871,0.23,52,1.1667,1.1667,744,-0.1226,0.0941,575,-0.0328,0.187,193,-0.0022,0.0348,1824,0,0.0133,490288,-0.0046,0.0799,3559,-0.053,-0.1212,0.1921,0.0034,0.0566,0
201710,12620,Bangor, ME,268,154900,0,0.0723,999,-0.0163,-0.0712,105,0.1317,-0.1512,208,-0.1613,0.0833,2,,-0.5,214,-0.0776,0.07,66,-0.175,0.2222,95,0.0031,0.0605,1626,-0.0178,0.0159,192530,0.005,0.0424,1064,-0.0341,-0.0563,0.0661,-0.0127,0.0159,0
201710,12300,Augusta-Waterville, ME,316,189700,0.0037,0.0846,779,-0.0873,-0.184,106,0.1042,-0.1311,146,-0.1705,-0.1512,2,-0.5,-0.75,170,-0.1667,0.0897,101,-0.1721,0.01,110,0.0165,0.087,1700,0,0,236334,0.0124,0.0775,878,-0.0995,-0.167,0.1297,-0.0133,0.0249,0
201710,30340,Lewiston-Auburn, ME,356,187500,0.0277,0.1029,397,-0.0317,-0.1607,78,-0.0158,-0.1549,144,-0.0769,0.2414,4,0,,148,0.0882,0.4231,58,0.1373,0.234,108,-0.0157,0.0818,1678,0.0064,0.0466,207506,0.0021,0.1073,454,-0.0152,-0.1269,0.1461,0.0217,0.0467,0
201709,38860,Portland-South Portland, ME,97,344000,-0.0109,0.0462,3147,-0.0143,-0.1475,78,0.1304,-0.1746,1148,-0.0528,0.1344,24,-0.4,-0.2941,848,-0.0275,0.0242,594,0.0119,0.1716,193,-0.0155,0.0515,1824,0.0088,0.0055,492536,-0.0009,0.0782,3758,-0.0031,-0.1041,0.1888,0.0049,0.0514,0
201709,12620,Bangor, ME,268,154900,0.0158,0.0334,1015,-0.001,-0.1093,93,0.0814,-0.1143,248,-0.0746,0.1171,0,,-1,232,-0.0866,0.0841,80,-0.116,-0.0123,95,-0.0032,0.0179,1655,0.0085,0.0344,191576,0.0193,0.0333,1101,-0.0041,-0.099,0.0788,-0.0103,0.0077,0
201709,12300,Augusta-Waterville, ME,316,189000,-0.0036,0.0963,853,-0.0218,-0.171,96,0.2,-0.1542,176,-0.2787,-0.0222,4,-0.3333,1,204,-0.1282,0.1591,122,-0.0431,0.1193,108,-0.0116,0.0755,1700,-0.0032,0,233439,-0.0049,0.0597,975,-0.0269,-0.1432,0.143,-0.0032,0.0371,0
201709,30340,Lewiston-Auburn, ME,356,182450,-0.0394,0.0592,410,0.0263,-0.1759,79,0.0604,-0.076,156,-0.0714,0.0833,4,1,,136,0.0968,0.0462,51,-0.2766,0.3973,110,-0.005,0.0829,1667,-0.0013,0.0409,207066,-0.002,0.0964,461,-0.0212,-0.1399,0.1244,-0.0521,0.051,0
201708,38860,Portland-South Portland, ME,97,347775,-0.0061,0.0701,3193,0.0272,-0.1734,69,0.15,-0.1977,1212,-0.0033,0.0707,40,1,0.6667,872,0.0481,0.0187,587,0.0209,0.0982,196,-0.0092,0.0694,1808,-0.0033,-0.0033,492979,-0.0041,0.0721,3770,0.0243,-0.1419,0.1839,-0.0011,0.0455,0
201708,12620,Bangor, ME,268,152494,-0.0409,0.018,1016,0.001,-0.1415,86,0.0488,-0.0899,268,-0.1067,0.1167,0,,,254,0.1759,0.1043,91,-0.0055,0.1242,95,-0.0106,0.0227,1641,-0.0036,0.0321,187954,-0.0092,0.02,1106,-0.0014,-0.1233,0.0891,-0.0006,0.0211,0
201708,12300,Augusta-Waterville, ME,316,189675,-0.0268,0.1164,872,0.0506,-0.1754,80,0.0959,-0.2793,244,-0.0615,0.2842,6,0.5,0,234,0.1471,-0.0331,128,-0.0267,0.0805,110,-0.0089,0.088,1706,-0.0142,0.0213,234597,-0.0266,0.0589,1002,0.0536,-0.148,0.1462,-0.0116,0.0346,0
201708,30340,Lewiston-Auburn, ME,356,189925,0.0554,0.0856,400,0.0063,-0.2034,75,0.1288,-0.1412,168,0.0244,0.1831,2,-0.75,0,124,0.069,-0.0159,71,0.0682,0.6395,110,0.0126,0.0833,1669,0.0117,0.0433,207480,-0.0012,0.0789,471,0.0195,-0.1358,0.1765,0.0102,0.0907,0
201707,38860,Portland-South Portland, ME,97,349900,0.0001,0.0766,3108,0.0423,-0.2057,60,0.1111,-0.2,1216,-0.1485,0.0629,20,-0.0909,-0.2857,832,0.2418,-0.0415,575,0.1133,0.0323,198,0.0082,0.0835,1814,0.0011,0.0039,495009,0.0169,0.0758,3680,0.0531,-0.1753,0.185,0.0118,0.0427,0
201707,12620,Bangor, ME,268,159000,-0.0056,0.0725,1015,0.0289,-0.1674,82,-0.0655,-0.0575,300,-0.0625,0.0563,0,-1,-1,216,0.125,-0.2174,91,0.0111,0.3582,96,0.0001,0.0268,1647,0.0046,0.0504,189701,-0.0188,0.0396,1107,0.0274,-0.1392,0.0897,-0.0016,0.0347,0
201707,12300,Augusta-Waterville, ME,316,194900,0.0028,0.1144,830,0.0493,-0.2272,73,0.2167,-0.2626,260,-0.1096,0.0833,4,-0.3333,0,204,0.0851,-0.0893,131,-0.0542,0.3505,111,0.0058,0.0846,1730,0.006,0.0384,241019,0.004,0.0819,951,0.0187,-0.1954,0.1578,-0.0173,0.0675,0
201707,30340,Lewiston-Auburn, ME,356,179950,0.0028,0.0718,397,0.0352,-0.2107,66,0.056,-0.2235,164,-0.1277,0.025,8,,,116,0,0.0741,66,0.0394,0.5349,109,-0.0166,0.0929,1650,0.0075,0.0313,207729,-0.006,0.1033,462,0.0382,-0.1476,0.1662,0.0007,0.0808,0
201706,38860,Portland-South Portland, ME,97,349861,,,2982,,,54,,,1428,,,22,,,670,,,517,,,197,,,1812,,,486772,,,3495,,,0.1732,,,
201706,12620,Bangor, ME,268,159900,,,987,,,88,,,320,,,6,,,192,,,90,,,96,,,1640,,,193344,,,1078,,,0.0912,,,
201706,12300,Augusta-Waterville, ME,316,194350,,,791,,,60,,,292,,,6,,,188,,,139,,,110,,,1720,,,240055,,,934,,,0.1751,,,
201706,30340,Lewiston-Auburn, ME,356,179450,,,384,,,63,,,188,,,0,,,116,,,64,,,111,,,1638,,,208980,,,445,,,0.1656,,,
201705,38860,Portland-South Portland, ME,97,349900,,,2645,,,61,,,1564,,,22,,,492,,,464,,,197,,,1801,,,486904,,,3105,,,0.1755,,,
201705,12620,Bangor, ME,268,159900,,,929,,,100,,,348,,,2,,,184,,,72,,,98,,,1620,,,193368,,,999,,,0.077,,,
201705,12300,Augusta-Waterville, ME,316,189450,,,695,,,80,,,308,,,4,,,174,,,126,,,106,,,1700,,,236057,,,817,,,0.1807,,,
201705,30340,Lewiston-Auburn, ME,356,175950,,,360,,,81,,,194,,,0,,,74,,,42,,,110,,,1614,,,207831,,,402,,,0.1168,,,
201704,38860,Portland-South Portland, ME,97,346700,,,2357,,,79,,,1172,,,44,,,332,,,408,,,195,,,1800,,,489348,,,2761,,,0.1731,,,
201704,12620,Bangor, ME,268,158950,,,869,,,150,,,236,,,4,,,128,,,52,,,97,,,1633,,,195850,,,921,,,0.0598,,,
201704,12300,Augusta-Waterville, ME,316,180000,,,644,,,136,,,276,,,4,,,84,,,95,,,103,,,1689,,,223034,,,732,,,0.1475,,,
201704,30340,Lewiston-Auburn, ME,356,181250,,,338,,,84,,,144,,,0,,,72,,,33,,,111,,,1610,,,203713,,,372,,,0.0976,,,
201703,38860,Portland-South Portland, ME,97,339900,,,2238,,,117,,,960,,,54,,,284,,,392,,,196,,,1791,,,473315,,,2627,,,0.1752,,,
201703,12620,Bangor, ME,268,152000,,,873,,,151,,,200,,,2,,,118,,,56,,,95,,,1627,,,191236,,,928,,,0.0641,,,
201703,12300,Augusta-Waterville, ME,316,171800,,,631,,,162,,,128,,,2,,,78,,,75,,,99,,,1650,,,212626,,,703,,,0.1182,,,
201703,30340,Lewiston-Auburn, ME,356,175000,,,355,,,108,,,100,,,2,,,66,,,25,,,110,,,1563,,,197184,,,380,,,0.0705,,,
201702,38860,Portland-South Portland, ME,97,330299,,,2261,,,126,,,612,,,78,,,238,,,361,,,193,,,1768,,,460602,,,2619,,,0.1594,,,
201702,12620,Bangor, ME,268,149775,,,879,,,155,,,152,,,4,,,86,,,59,,,93,,,1635,,,188237,,,936,,,0.0671,,,
201702,12300,Augusta-Waterville, ME,316,166750,,,665,,,155,,,114,,,0,,,78,,,57,,,99,,,1639,,,209724,,,721,,,0.085,,,
201702,30340,Lewiston-Auburn, ME,356,174850,,,356,,,130,,,88,,,4,,,40,,,20,,,105,,,1583,,,196791,,,376,,,0.0549,,,
201701,38860,Portland-South Portland, ME,97,325000,,,2369,,,122,,,582,,,26,,,248,,,321,,,189,,,1756,,,449438,,,2687,,,0.1353,,,
201701,12620,Bangor, ME,268,149000,,,878,,,159,,,136,,,2,,,88,,,52,,,91,,,1637,,,187236,,,927,,,0.0593,,,
201701,12300,Augusta-Waterville, ME,316,163475,,,689,,,147,,,124,,,4,,,78,,,41,,,99,,,1621,,,208294,,,731,,,0.0595,,,
201701,30340,Lewiston-Auburn, ME,356,172250,,,357,,,137,,,74,,,0,,,60,,,21,,,101,,,1603,,,192181,,,377,,,0.0588,,,
201612,38860,Portland-South Portland, ME,97,325000,,,2709,,,113,,,436,,,16,,,208,,,374,,,187,,,1782,,,454652,,,3078,,,0.1381,,,
201612,12620,Bangor, ME,268,144900,,,948,,,145,,,120,,,4,,,80,,,42,,,91,,,1620,,,186561,,,991,,,0.0443,,,
201612,12300,Augusta-Waterville, ME,316,168500,,,752,,,138,,,84,,,0,,,44,,,58,,,101,,,1642,,,217702,,,810,,,0.0771,,,
201612,30340,Lewiston-Auburn, ME,356,165000,,,368,,,131,,,68,,,0,,,56,,,27,,,98,,,1586,,,188250,,,399,,,0.0734,,,
201611,38860,Portland-South Portland, ME,97,328350,,,3191,,,102,,,636,,,10,,,486,,,438,,,186,,,1800,,,454230,,,3629,,,0.1373,,,
201611,12620,Bangor, ME,268,144900,,,1002,,,132,,,160,,,6,,,126,,,47,,,91,,,1617,,,187918,,,1049,,,0.0464,,,
201611,12300,Augusta-Waterville, ME,316,169900,,,874,,,128,,,108,,,0,,,116,,,81,,,102,,,1673,,,220452,,,956,,,0.0927,,,
201611,30340,Lewiston-Auburn, ME,356,169413,,,404,,,110,,,96,,,2,,,82,,,36,,,101,,,1632,,,192376,,,442,,,0.088,,,
201610,38860,Portland-South Portland, ME,97,325000,,,3571,,,95,,,852,,,24,,,680,,,484,,,187,,,1800,,,454010,,,4050,,,0.1355,,,
201610,12620,Bangor, ME,268,144450,,,1075,,,124,,,192,,,4,,,200,,,54,,,90,,,1600,,,184699,,,1127,,,0.0502,,,
201610,12300,Augusta-Waterville, ME,316,174900,,,954,,,122,,,172,,,8,,,156,,,100,,,101,,,1700,,,219340,,,1054,,,0.1048,,,
201610,30340,Lewiston-Auburn, ME,356,170000,,,473,,,92,,,116,,,0,,,104,,,47,,,100,,,1603,,,187395,,,520,,,0.0994,,,
201609,38860,Portland-South Portland, ME,97,328800,,,3692,,,95,,,1012,,,34,,,828,,,507,,,184,,,1814,,,456809,,,4195,,,0.1373,,,
201609,12620,Bangor, ME,268,149900,,,1140,,,105,,,222,,,4,,,214,,,81,,,93,,,1600,,,185400,,,1222,,,0.0711,,,
201609,12300,Augusta-Waterville, ME,316,172400,,,1029,,,114,,,180,,,2,,,176,,,109,,,101,,,1700,,,220292,,,1138,,,0.1059,,,
201609,30340,Lewiston-Auburn, ME,356,172250,,,498,,,86,,,144,,,0,,,130,,,37,,,101,,,1602,,,188858,,,536,,,0.0734,,,
201608,38860,Portland-South Portland, ME,97,325000,,,3862,,,86,,,1132,,,24,,,856,,,535,,,184,,,1814,,,459809,,,4393,,,0.1384,,,
201608,12620,Bangor, ME,268,149800,,,1184,,,95,,,240,,,0,,,230,,,81,,,93,,,1590,,,184276,,,1261,,,0.068,,,
201608,12300,Augusta-Waterville, ME,316,169900,,,1058,,,111,,,190,,,6,,,242,,,118,,,101,,,1670,,,221548,,,1176,,,0.1116,,,
201608,30340,Lewiston-Auburn, ME,356,174950,,,502,,,87,,,142,,,2,,,126,,,43,,,102,,,1600,,,192303,,,545,,,0.0857,,,
201607,38860,Portland-South Portland, ME,97,325000,,,3913,,,75,,,1144,,,28,,,868,,,557,,,183,,,1807,,,460135,,,4462,,,0.1423,,,
201607,12620,Bangor, ME,268,148248,,,1219,,,87,,,284,,,4,,,276,,,67,,,94,,,1568,,,182480,,,1286,,,0.055,,,
201607,12300,Augusta-Waterville, ME,316,174900,,,1074,,,99,,,240,,,4,,,224,,,97,,,102,,,1666,,,222767,,,1182,,,0.0903,,,
201607,30340,Lewiston-Auburn, ME,356,167900,,,503,,,85,,,160,,,0,,,108,,,43,,,100,,,1600,,,188272,,,542,,,0.0855,,,